zip,member,file,sha256,bytes,dimensions,status,reviewStatus,publishedProductIds,candidateProductIds,priorPendingIds
Colo 1.zip,Colo 1/IMG_20261009_165556.jpg,IMG_20261009_165556.jpg,b047bb05cdd09751e786df46469ce8a9535ad9626b3e7d72848047c68b560aaf,3523805,4160; 3120,new-photo,visually-inspected-contact-sheet-and-selected-details,jif-creamy; kirkland-peanuts; southern-cocktail,southern-dry-roasted,
Colo 1.zip,Colo 1/IMG_20261009_165602.jpg,IMG_20261009_165602.jpg,593779b66f8874e90fd184e2978605e3f5c475f5cd397ed658b0fa60cb950f85,3568309,4160; 3120,new-photo,visually-inspected-contact-sheet-and-selected-details,,kirkland-salted-mixed; kirkland-unsalted-mixed; kirkland-keto-mix; biena-edamame,
Colo 1.zip,Colo 1/IMG_20261009_165604_1.jpg,IMG_20261009_165604_1.jpg,562e06dfb1028e9f4c2a8052ee44ed2372e73db198ba5695bb4fbfe3624f7df5,2815126,4160; 3120,new-photo,visually-inspected-contact-sheet-and-selected-details,,kirkland-keto-mix; biena-edamame; pockets-almonds,
Colo 1.zip,Colo 1/IMG_20261009_165615.jpg,IMG_20261009_165615.jpg,6ee9192611b9e5b43564d7ccc66ab1c0e14bee466b5de3a5c5df3c0d7f3c5ec8,3407114,4160; 3120,new-photo,visually-inspected-contact-sheet-and-selected-details,,monster-viking; monster-pacific; fattoria-guayaba,
Colo 1.zip,Colo 1/IMG_20261009_165618.jpg,IMG_20261009_165618.jpg,87294b887836845190b55381f8c3367765853d516d02dc274aa129229494c2f3,3281150,4160; 3120,new-photo,visually-inspected-contact-sheet-and-selected-details,,cristal-botella,
Colo 1.zip,Colo 1/IMG_20261009_165622.jpg,IMG_20261009_165622.jpg,0498a38a78a8927af6a036db418faf98021b051b1573a409fd9c1d014272f7a6,3711091,4160; 3120,new-photo,visually-inspected-contact-sheet-and-selected-details,,unlaguer-330,
Colo 1.zip,Colo 1/IMG_20261009_165625.jpg,IMG_20261009_165625.jpg,609a8cf6a7014f90f9594c66e9c930c60d399377c7a741f86b528bc3eafd87d1,3315542,4160; 3120,previous-photo-reencoded,prior-inspection-reused,coca-cola-355,,
Colo 1.zip,Colo 1/IMG_20261009_165627_1.jpg,IMG_20261009_165627_1.jpg,7f0e30d621af23f8a1f2fc24f419396880e9424758ffb352067f2ace43c591a5,2587042,4160; 3120,previous-photo-reencoded,prior-inspection-reused,koffio-vainilla; pepsi-lata; tigon-energy,,
Colo 1.zip,Colo 1/IMG_20261009_165638_1.jpg,IMG_20261009_165638_1.jpg,ea4d9a3a4580d106731ccb1ec81002c10ff323d2526a002495b53c55e4d6681f,2540907,4160; 3120,previous-photo-reencoded,prior-inspection-reused,,,
Colo 1.zip,Colo 1/IMG_20261009_165642_1.jpg,IMG_20261009_165642_1.jpg,eb831ff5b2fd139e811444fc11ebd4000f555f4ccd51468746c989b6b436f3e2,2277352,4160; 3120,previous-photo-reencoded,prior-inspection-reused,jolyni-spaghetti,,
Colo 1.zip,Colo 1/IMG_20261009_165656.jpg,IMG_20261009_165656.jpg,5621e19305fbee28494f8808c7855ba2968453fb9a1478099e36c0e527869b24,3895434,3120; 4160,previous-photo-reencoded,prior-inspection-reused,jolyni-spaghetti,,
Colo 1.zip,Colo 1/IMG_20261009_165703.jpg,IMG_20261009_165703.jpg,f9479b66828ea34d0f91391b4f729ddcede802bb12d4c1e25474720d4beb22a8,3813565,3120; 4160,previous-photo-reencoded,prior-inspection-reused,,,italpasta-fettuccine
Colo 1.zip,Colo 1/IMG_20261009_165705_1.jpg,IMG_20261009_165705_1.jpg,c283bd23b71cb45a567be17d1fc1b60f47afaa61660b577df29b01fbb372bfbb,2452005,3120; 4160,previous-photo-reencoded,prior-inspection-reused,primo-linguine,,
Colo 1.zip,Colo 1/IMG_20261009_165714.jpg,IMG_20261009_165714.jpg,ebc53ab0e3d17276df28948ef16dac8cd769f07ae6c25dd5c27fc279c4562d20,4045384,3120; 4160,previous-photo-reencoded,prior-inspection-reused,primo-linguine,,
Colo 1.zip,Colo 1/IMG_20261009_165741.jpg,IMG_20261009_165741.jpg,5b0540b67689cab289e5fa6cbd7d1f95afe7eaccb24a55f2de643b4247b508f5,3899285,3120; 4160,previous-photo-reencoded,prior-inspection-reused,italpasta-pennine,,
Colo 1.zip,Colo 1/IMG_20261009_165743_1.jpg,IMG_20261009_165743_1.jpg,4d31bcbb0ca084ef4ffeb91211be5a220c50808a3cf32827e75565dbfc83ffcc,2336564,3120; 4160,previous-photo-reencoded,prior-inspection-reused,italpasta-pennine,,
Colo 1.zip,Colo 1/IMG_20261009_165824_1.jpg,IMG_20261009_165824_1.jpg,611d511dc77f60244846581cfba73708379c140452385cac706dd05a7c821cce,2744250,4160; 3120,previous-photo-reencoded,prior-inspection-reused,socheezy-macaroni,,
Colo 1.zip,Colo 1/IMG_20261009_165830.jpg,IMG_20261009_165830.jpg,1b8d9ee5784b5c02cb92a99fd9b3fad80b853c2949aaa2a1fdbae4a055f6d3f4,2941450,4160; 3120,previous-photo-reencoded,prior-inspection-reused,aldaketa-mostaza; azotea-mostaza; kurtz-mostaza; vima-mostaza,,burmans-dill-mustard
Colo 1.zip,Colo 1/IMG_20261009_165834.jpg,IMG_20261009_165834.jpg,e706a15df1b4543931c0fa2df95ad44fc105a8662d8e48596a4b783ec3e2ae38,3608446,4160; 3120,previous-photo-reencoded,prior-inspection-reused,bullseye-original; burmans-spicybrown; kurtz-italian,,kenko-bbq-mel; kenko-bbq-americano; aldaketa-ketchup; burmans-sweetheat
Colo 1.zip,Colo 1/IMG_20261009_165840.jpg,IMG_20261009_165840.jpg,a215ab84fc603fca23b1a2334831e10741af9078a44317bb66838abaca8a9bd6,3799319,4160; 3120,previous-photo-reencoded,prior-inspection-reused,castelo-italiano; countrybarn-french,,
Colo 1.zip,Colo 1/IMG_20261009_165846.jpg,IMG_20261009_165846.jpg,0eaf302fbf473a0e419d7ff8f4f7413da739a3584472d9e2539f7aa554c78910,4006082,4160; 3120,previous-photo-reencoded,prior-inspection-reused,jade-soya; sakura-soya,,
Colo 1.zip,Colo 1/IMG_20261009_165851.jpg,IMG_20261009_165851.jpg,7c03fbc78d5b48c8048dc56256fe3265c0f83835ce9ea686064704323dba8181,3489316,4160; 3120,previous-photo-reencoded,prior-inspection-reused,burmans-dill-mayo; friend-barbacoa; friend-brava,,burmans-spicy-mayo
Colo 1.zip,Colo 1/IMG_20261009_165853_1.jpg,IMG_20261009_165853_1.jpg,597a01739a080bc91c316c2cde59b13c239e7e9b73c4168d9c7b804b2c895ccf,2898770,4160; 3120,previous-photo-reencoded,prior-inspection-reused,ayala-mayonesa; kurtz-relish; trader-truffle-aioli,,
Colo 1.zip,Colo 1/IMG_20261009_165856_1.jpg,IMG_20261009_165856_1.jpg,6517a1a12bfcfe96da1fcd3151b35667f26f47c42414020f90d1b22a7870dbe0,2547123,4160; 3120,previous-photo-reencoded,prior-inspection-reused,hollandpark-mayonesa; kurtz-mayonesa,,
Colo 1.zip,Colo 1/IMG_20261009_165902.jpg,IMG_20261009_165902.jpg,327209477573b26b2702001899297035dcb9c12a1c1b5b2c09c6bfb54b31d9d4,3828272,4160; 3120,previous-photo-reencoded,prior-inspection-reused,huerta-alcaparras; lasota-alcaparras,,
Colo 1.zip,Colo 1/IMG_20261009_165910.jpg,IMG_20261009_165910.jpg,ba728088a8c8b20be927fcffccefdcd9a6ca3f78bad82f3861f0d2480f7fe664,3560672,4160; 3120,previous-photo-reencoded,prior-inspection-reused,huerta-alcaparras; lasota-alcaparras,,
Colo 1.zip,Colo 1/IMG_20261009_165913.jpg,IMG_20261009_165913.jpg,b35a6a4a951323479ab50c0ba5d6172e1d7696d935bddcb62a67cd48dce84c70,3846522,4160; 3120,previous-photo-reencoded,prior-inspection-reused,barilla-pesto; trader-olive-pesto,,
Colo 1.zip,Colo 1/IMG_20261009_165916.jpg,IMG_20261009_165916.jpg,e915e131291e18b3928a0eeae344865a0a2b2f81e4ec77e79f5e22cfe6bff81e,3906926,4160; 3120,previous-photo-reencoded,prior-inspection-reused,huerta-pepinos; trader-basil-pesto,,sonatural-pesto
Colo 1.zip,Colo 1/IMG_20261009_165920.jpg,IMG_20261009_165920.jpg,67a086d1c2e968f2a4a499146c9b71e3ece30d95e8a83f19ca464acb0ae33a4f,3694824,4160; 3120,previous-photo-reencoded,prior-inspection-reused,huerta-banderillas; huerta-cocktail,,arroz-alfinete
Colo 1.zip,Colo 1/IMG_20261009_165924.jpg,IMG_20261009_165924.jpg,4c3da4995903aaa45a034d375c8e05e4d8f7b5515ad1a976b9e1bc0313b2f071,3993402,4160; 3120,previous-photo-reencoded,prior-inspection-reused,vima-negras,,vima-rellenas
Colo 1.zip,Colo 1/IMG_20261009_165928.jpg,IMG_20261009_165928.jpg,4bf5a90816144eece0e836ebc09c7ceed1f0803c3cc6b27ff05c7a319f27148c,3895442,4160; 3120,previous-photo-reencoded,prior-inspection-reused,vima-alinadas,,
Colo 1.zip,Colo 1/IMG_20261009_165932.jpg,IMG_20261009_165932.jpg,5983756c02efcfc2b4e2499f812bce070bd65634895dee23a1922eb0c15b27e6,4072174,4160; 3120,previous-photo-reencoded,prior-inspection-reused,didi-peras; qbanito-cebollitas,,
Colo 1.zip,Colo 1/IMG_20261009_165935.jpg,IMG_20261009_165935.jpg,625b3383d528b57c6db5fa089fdce12c93cfcb9b753fcaa4a12befc4200a08c5,3482435,4160; 3120,previous-photo-reencoded,prior-inspection-reused,fairhill-maiz; tom-frijol-cocido,,
Colo 1.zip,Colo 1/IMG_20261009_165940.jpg,IMG_20261009_165940.jpg,f95b0c37e4240781548d4748bb94cf1d1615967426d7c3b6b323cd446dfda074,3731661,4160; 3120,previous-photo-reencoded,prior-inspection-reused,fairhill-frutas; fairhill-vegetales,,vima-frutas
Colo 1.zip,Colo 1/IMG_20261009_165943.jpg,IMG_20261009_165943.jpg,b2097524d001459dae13d36ec64dde08d25bdcb76c7ced960e315fde2cbc838a,2697089,4160; 3120,previous-photo-reencoded,prior-inspection-reused,,,
Colo 1.zip,Colo 1/IMG_20261009_165949.jpg,IMG_20261009_165949.jpg,550a9bf5e1d9ba8bbac50ba6eeea66f24e1094cc75ec1ef30917385fe200f809,3982569,4160; 3120,previous-photo-reencoded,prior-inspection-reused,delcampo-colorados; energy-negros,,delcampo-negros
Colo 1.zip,Colo 1/IMG_20261009_165953.jpg,IMG_20261009_165953.jpg,318d70d8639c7a12874fe9bf9c7271399e377a0df61c35b142153d3e5ca48e36,3854045,4160; 3120,previous-photo-reencoded,prior-inspection-reused,energy-negros,,
Colo 1.zip,Colo 1/IMG_20261009_165956.jpg,IMG_20261009_165956.jpg,b3433e79d71d3a33e36e4a3c6c7fd4be8381f637e5c7f76520585330d3b4905f,4118076,4160; 3120,previous-photo-reencoded,prior-inspection-reused,,,arroz-torre
Colo 1.zip,Colo 1/IMG_20261009_165959.jpg,IMG_20261009_165959.jpg,db849221bb2f4290a98154a6de8a8bcc0c386a5894bad3f3cea5bd170d6f033e,4310492,4160; 3120,previous-photo-reencoded,prior-inspection-reused,,,delcampo-garbanzos; delcampo-lentejas
Colo 1.zip,Colo 1/IMG_20261009_170003.jpg,IMG_20261009_170003.jpg,a48b472698e9b70b8a0a508eeda5b01e92c329f56acfb4d802f06693ce57b0a0,3588953,4160; 3120,new-photo,visually-inspected-contact-sheet-and-selected-details,,delcampo-negros,
Colo 1.zip,Colo 1/IMG_20261009_170008.jpg,IMG_20261009_170008.jpg,5d56933a856c7447adc57dc657c3b729f98c9bba5fd11e90dbfb8f37f0ff8b76,3733851,4160; 3120,new-photo,visually-inspected-contact-sheet-and-selected-details,,arroz-alfinete; arroz-blanco-bolsa,
Colo 1.zip,Colo 1/IMG_20261009_170010.jpg,IMG_20261009_170010.jpg,a0ec3e6d0d8f3f8fcf6b8450458a3f5f366e43c9b4c7d1a1638aec2bfefc84c7,3448021,4160; 3120,new-photo,visually-inspected-contact-sheet-and-selected-details,,arroz-alfinete,
Colo 1.zip,Colo 1/IMG_20261009_170014.jpg,IMG_20261009_170014.jpg,7327f8d5875154c6496acb55f9148af10ebda29dcf709f391b7cae4edd92589d,3404824,4160; 3120,new-photo,visually-inspected-contact-sheet-and-selected-details,,arroz-blanco-bolsa; cookies-bulk,
Colo 1.zip,Colo 1/IMG_20261009_170022.jpg,IMG_20261009_170022.jpg,6c69efb02a568e7b78c468a83563c0edd01ca7dec787e0884119a18a16fa0481,3560061,4160; 3120,new-photo,visually-inspected-contact-sheet-and-selected-details,,trigo-bolsa-1kg; trigo-gloria; maicena-450,
Colo 1.zip,Colo 1/IMG_20261009_170025.jpg,IMG_20261009_170025.jpg,eeeea012f766ada6582cc1d3db91aa4f74b4b553f85170b774ac45be10857c04,5312484,4160; 3120,new-photo,visually-inspected-contact-sheet-and-selected-details,,chefscupboard-buterry,
Colo 1.zip,Colo 1/IMG_20261009_170027.jpg,IMG_20261009_170027.jpg,ea3a0bb84b70e83c0da71023ed5c3a02d57268378de713d3e30ff2eb2e8a2ddc,3343131,4160; 3120,new-photo,visually-inspected-contact-sheet-and-selected-details,,chefscupboard-buterry,
Colo 1.zip,Colo 1/IMG_20261009_170032.jpg,IMG_20261009_170032.jpg,118b1f710871399dcd20dc5c38eb238ed44dcc77eeb07d2be8f93f2eead1f775,3924050,4160; 3120,new-photo,visually-inspected-contact-sheet-and-selected-details,,cookies-bulk,
Colo 1.zip,Colo 1/IMG_20261009_170038.jpg,IMG_20261009_170038.jpg,b4dd79fb8bfb96b6ae83320df1f2be51e3d6a2a4d9fda4af163ede14d7c45a1b,3915678,4160; 3120,new-photo,visually-inspected-contact-sheet-and-selected-details,,savvyfare-rice; spanish-rice; timeowise-rice; santa-lasagna; marchi-salt,
Colo 1.zip,Colo 1/IMG_20261009_170041.jpg,IMG_20261009_170041.jpg,b5a0ade3faef1ebfdc46e32dcf317cd16469cd798c9a2fb6e78ba6973dfd51eb,3336052,4160; 3120,new-photo,visually-inspected-contact-sheet-and-selected-details,,savvyfare-rice; spanish-rice; timeowise-rice; santa-lasagna,
Colo 1.zip,Colo 1/IMG_20261009_170045.jpg,IMG_20261009_170045.jpg,ae8cd7789e2c788670ac03aa19fc5bd6070f82eb72f57a925cbd423ae4d1efa8,3166725,4160; 3120,new-photo,visually-inspected-contact-sheet-and-selected-details,,marchi-salt; white-bulk,
Colo 1.zip,Colo 1/IMG_20261009_170047.jpg,IMG_20261009_170047.jpg,08d486603c9c6b8881abb54cfc17a9c9175fc771b1a5cfb87dfae283b99b631d,3475559,4160; 3120,new-photo,visually-inspected-contact-sheet-and-selected-details,,white-bulk,
Colo 1.zip,Colo 1/IMG_20261009_170051.jpg,IMG_20261009_170051.jpg,3ef1e864ee0cb44a298b7fc5dfa5cd21463303287b43f91c2db6fbcd19888747,2826082,4160; 3120,new-photo,visually-inspected-contact-sheet-and-selected-details,,torre-pink-salt,
Colo 1.zip,Colo 1/IMG_20261009_170054.jpg,IMG_20261009_170054.jpg,5743740e127239d1700d8262a2e67f2f8e6614e6b291abaf24b54988db022784,3081764,4160; 3120,new-photo,visually-inspected-contact-sheet-and-selected-details,,torre-pink-salt; sal-fina-azul,
Colo 1.zip,Colo 1/IMG_20261009_170105_1.jpg,IMG_20261009_170105_1.jpg,a0c548b68ef3e0c87abc5a491eaaea3f2650e99c7c2679407f58b00805edd744,3234774,4160; 3120,new-photo,visually-inspected-contact-sheet-and-selected-details,,taoro-guayaba,
Colo 1.zip,Colo 1/IMG_20261009_170108.jpg,IMG_20261009_170108.jpg,144d6e0124035bb26cc9ffbd19a1f13239ab2271a397dbb85d93abf01a24f2a6,4005508,4160; 3120,new-photo,visually-inspected-contact-sheet-and-selected-details,,monster-pipeline; monster-mango; monster-tropical,
Colo 1.zip,Colo 1/IMG_20261009_170110_1.jpg,IMG_20261009_170110_1.jpg,e3b0090e54d7fb62168068d9b52425f5ec1895cece229cf7ecf59717ca67d974,3805183,4160; 3120,new-photo,visually-inspected-contact-sheet-and-selected-details,,tropigusto-mango; tropigusto-pineapple; tropigusto-banana; tropigusto-peach,
Colo 1.zip,Colo 1/IMG_20261009_170114.jpg,IMG_20261009_170114.jpg,4a6c1d8d8f119ef62fc99f6ebcc32f7162961fe0b4fcf5b8107d7060ab70c576,3807949,4160; 3120,new-photo,visually-inspected-contact-sheet-and-selected-details,,bahamas-juice; bali-juice,
Colo 1.zip,Colo 1/IMG_20261009_170117.jpg,IMG_20261009_170117.jpg,7f06913e5496e81ee0fb43b6a0d16be61be956f84e2bca8fcf9aeeae94736249,2893285,4160; 3120,new-photo,visually-inspected-contact-sheet-and-selected-details,,water-whitecap,
Colo 1.zip,Colo 1/IMG_20261009_170122_1.jpg,IMG_20261009_170122_1.jpg,5ec1b3e32f9b5deb4e034bcc71d278850775437221e9b80a73634c773f7d9291,2960237,4160; 3120,new-photo,visually-inspected-contact-sheet-and-selected-details,coca-cola-355,,
Colo 1.zip,Colo 1/IMG_20261009_170126.jpg,IMG_20261009_170126.jpg,a72f7fad1ad6d5874eac4ff1490b16fff27165b8bcf4ccbea5484976751721f1,4343752,4160; 3120,new-photo,visually-inspected-contact-sheet-and-selected-details,,boom-cola; boom-lime,
Colo 1.zip,Colo 1/IMG_20261009_170128.jpg,IMG_20261009_170128.jpg,888a9b1005749d56a816136d8a13497b6ef777575924354f904d287d11dea2e2,3582908,4160; 3120,new-photo,visually-inspected-contact-sheet-and-selected-details,,sunny-tamarind,
Colo 1.zip,Colo 1/IMG_20261009_170131.jpg,IMG_20261009_170131.jpg,5baf5b3dbda5e0bc40686fdec6ef99095afc0fc2cae94828809371615c2d3c36,3114714,4160; 3120,new-photo,visually-inspected-contact-sheet-and-selected-details,,water-blue,
Colo 1.zip,Colo 1/IMG_20261009_170138.jpg,IMG_20261009_170138.jpg,63723e3e89f41cf3c442fd590f4f07543fd64745e0f10827059795b9e6579ea9,3717082,4160; 3120,new-photo,visually-inspected-contact-sheet-and-selected-details,,unlaguer-330,
Colo 1.zip,Colo 1/IMG_20261009_170140.jpg,IMG_20261009_170140.jpg,1222478289405369e78c4818606497792cfe55c17d0e288a782af6dea3ee139c,3676403,4160; 3120,new-photo,visually-inspected-contact-sheet-and-selected-details,,tropigusto-mango; tropigusto-banana,
Colo 1.zip,Colo 1/IMG_20261009_170152.jpg,IMG_20261009_170152.jpg,4c3811ef8077a71242f713cf60140e8ab8e4f41aaec675c21c134596e6e06fb6,3161374,4160; 3120,new-photo,visually-inspected-contact-sheet-and-selected-details,,shani,
Colo 1.zip,Colo 1/IMG_20261009_170157.jpg,IMG_20261009_170157.jpg,ea89acbafd3451dbe2373c296f6cb92b9940cad5221ca5577dc160335ddb7810,2778865,4160; 3120,new-photo,visually-inspected-contact-sheet-and-selected-details,,sunny-peach,
Colo 1.zip,Colo 1/IMG_20261009_170211.jpg,IMG_20261009_170211.jpg,5f44e567708c7c5bbf5232b7971be98bb631e3a071eae01962ab57e453a50cec,3942991,4160; 3120,new-photo,visually-inspected-contact-sheet-and-selected-details,,members-lemonpepper; mccormick-montrealsteak; mccormick-montrealchicken; members-redpepper; members-thyme; kitano-basil,
Colo 1.zip,Colo 1/IMG_20261009_170217.jpg,IMG_20261009_170217.jpg,86d3547f42cdd59254d4f0031491e93fc1eb794b600cf457f46055b403e6f209,3817330,4160; 3120,new-photo,visually-inspected-contact-sheet-and-selected-details,,amanhecer-whitepepper; amanhecer-turmeric; amanhecer-clove; homebrothers-bbq; heavenly-garlic; kingsford-lemon; badia-oregano; amanhecer-parsley; carmencita-marisco; carmencita-bbq; carmencita-picante; carmencita-pollo,
Colo 1.zip,Colo 1/IMG_20261009_170221.jpg,IMG_20261009_170221.jpg,20d98a672705706e0128cc94464a94a7f2cbe83b87e7ae7b5add477a02bfc1e6,3520799,4160; 3120,new-photo,visually-inspected-contact-sheet-and-selected-details,,davia-passata; prego-traditional,
Colo 1.zip,Colo 1/IMG_20261009_170222_1.jpg,IMG_20261009_170222_1.jpg,44059dd3b0cd94b31985926a32656a1ad37f31500465b640550f6616f33891da,2988439,4160; 3120,new-photo,visually-inspected-contact-sheet-and-selected-details,,tomate-triturado; ourhouse-tomato,
Colo 1.zip,Colo 1/IMG_20261009_170225_1.jpg,IMG_20261009_170225_1.jpg,3cbf75ad320350f279c37f3a0906baeda25203ff45cc0d3eb6f6660f68c98d9d,2742909,4160; 3120,new-photo,visually-inspected-contact-sheet-and-selected-details,,ourhouse-tomato,
Colo 1.zip,Colo 1/IMG_20261009_170228.jpg,IMG_20261009_170228.jpg,ff277c4806731342a54504b08df4d114ba2854406dbb1e7584b485c47fb1527c,2741821,4160; 3120,new-photo,visually-inspected-contact-sheet-and-selected-details,,tagliamonte-pomodoro,
Colo 1.zip,Colo 1/IMG_20261009_170232.jpg,IMG_20261009_170232.jpg,adf7e9c8830c99f18bc324c128ee760f6d486f5190cbcb8f73c69eca43a08231,3505828,4160; 3120,new-photo,visually-inspected-contact-sheet-and-selected-details,,ragu-garlic; mantias-parmesan; gv-cheddar-wow; gv-american-wow; gv-extrasharp-wow,
Colo 1.zip,Colo 1/IMG_20261009_170234.jpg,IMG_20261009_170234.jpg,b97242b87be7cbf266b6ed66e0e5ae4637f5e030edb97bad222cfc554a836126,3365281,4160; 3120,new-photo,visually-inspected-contact-sheet-and-selected-details,,davia-passata; prego-traditional; ragu-garlic,
colo 0.zip,colo 0/IMG_20261009_170954_1.jpg,IMG_20261009_170954_1.jpg,d79d722a2a10468be967f20e9653550eff83834963c3560e08e0849730daded6,2772641,4160; 3120,new-photo,visually-inspected-contact-sheet-and-selected-details,,offley-white,
colo 0.zip,colo 0/IMG_20261009_171001_1.jpg,IMG_20261009_171001_1.jpg,20f67efaa9666897a7294b62c8c717338335b79daed3ee26738e5fd67b2ca599,2589952,3120; 4160,new-photo,visually-inspected-contact-sheet-and-selected-details,,gatonegro-white,
colo 0.zip,colo 0/IMG_20261009_171010.jpg,IMG_20261009_171010.jpg,b94ec9990e570f46463f88eb2fafb79f6fd5d7e619c189bc983e1220f2eaf146,4607250,4160; 3120,new-photo,visually-inspected-contact-sheet-and-selected-details,,havana-ritual; havana-especial; suau-15; suau-8,
colo 0.zip,colo 0/IMG_20261009_171013.jpg,IMG_20261009_171013.jpg,693fe59cbbad7cad231e3fd2dc59b42be9d6ce972778955a3783d5955a0d18ec,3174853,3120; 4160,new-photo,visually-inspected-contact-sheet-and-selected-details,,havana-ritual; havana-especial,
colo 0.zip,colo 0/IMG_20261009_171016.jpg,IMG_20261009_171016.jpg,7869a50d0e2460946108c7190f0cf17bc5b3c5b438515c84adadb54fa7940f0f,2782555,4160; 3120,new-photo,visually-inspected-contact-sheet-and-selected-details,,havana-reserva,
colo 0.zip,colo 0/IMG_20261009_171027.jpg,IMG_20261009_171027.jpg,f909b096e158058f64d2131cc81451b833ce73917622d7fd4b66aae8afd3ebb6,4433752,4160; 3120,new-photo,visually-inspected-contact-sheet-and-selected-details,,planta-santa; gordons; jodhpur-reserve; jodhpur-mandore; jodhpur-spicy,
colo 0.zip,colo 0/IMG_20261009_171031.jpg,IMG_20261009_171031.jpg,73206b1cdd376b58b73886c83e956597cb099f04ff064b80ec66bc2b8fb72927,4186994,4160; 3120,new-photo,visually-inspected-contact-sheet-and-selected-details,,santacarolina-rose; santacarolina-sauvignon; celeste-verdejo; vinasol; vina-esmeralda,
colo 0.zip,colo 0/IMG_20261009_171034.jpg,IMG_20261009_171034.jpg,f1ce2fda5d0ab2e9d878bf823d66c643a68d91e76706c44349ed8700924a28e1,4104519,4160; 3120,new-photo,visually-inspected-contact-sheet-and-selected-details,,santacarolina-rose; santacarolina-sauvignon; celeste-verdejo; sangretoro-red; sangretoro-white,
colo 0.zip,colo 0/IMG_20261009_171036.jpg,IMG_20261009_171036.jpg,63847d50ac59b137cab88d28caee6fdb09dc654ae533535e922810e8ef0c2dcb,4238526,4160; 3120,new-photo,visually-inspected-contact-sheet-and-selected-details,,santacarolina-rose; sangretoro-red; sangretoro-white; sangretoro-rose,
colo 0.zip,colo 0/IMG_20261009_171154_1.jpg,IMG_20261009_171154_1.jpg,912f4b8c73f2760b5fa6a5a68c2b2fa7e078283e87bb3047c6ca25a46768bea9,3706030,4160; 3120,new-photo,visually-inspected-contact-sheet-and-selected-details,,nestia-plantain,
colo 0.zip,colo 0/IMG_20261009_171202_1.jpg,IMG_20261009_171202_1.jpg,da3a306d50a92762f17ee62525954816858d3c7e84689cc99995daa4e42b1a7d,3549235,4160; 3120,new-photo,visually-inspected-contact-sheet-and-selected-details,,wapa-chorizo; wapa-butifarra; bolitas-queso,
colo 0.zip,colo 0/IMG_20261009_171207.jpg,IMG_20261009_171207.jpg,adbf73f7f73925687a030b71cbb3c69dbc12d5911a10a5c0c2e3b92415e6909b,2780502,4160; 3120,new-photo,visually-inspected-contact-sheet-and-selected-details,,morcilla; bratwurst-cerdo,
colo 0.zip,colo 0/IMG_20261009_171212.jpg,IMG_20261009_171212.jpg,e261fd73460da6e3043dd0c5b034047fba31bf6f3da91311cb612c18c91b4967,3405432,4160; 3120,new-photo,visually-inspected-contact-sheet-and-selected-details,,morcilla; bratwurst-cerdo,
colo 0.zip,colo 0/IMG_20261009_171215.jpg,IMG_20261009_171215.jpg,c1b13cce598dd16cb3616d75c6129dccbd30d5f1aa073fa3ff0a3ec783ae4922,3712142,4160; 3120,new-photo,visually-inspected-contact-sheet-and-selected-details,,wapa-chorizo,
colo 0.zip,colo 0/IMG_20261009_171218_1.jpg,IMG_20261009_171218_1.jpg,7c51faad2b5304ea489edc222414f4cff296d664a098c103890065f717cac264,2910642,4160; 3120,new-photo,visually-inspected-contact-sheet-and-selected-details,,bolitas-queso; raviolis,
colo 0.zip,colo 0/IMG_20261009_171221.jpg,IMG_20261009_171221.jpg,8a9cf772aaf817265b96fbd384357fcb8c24c61e1f395e979a05b4cba028ba46,2954953,4160; 3120,new-photo,visually-inspected-contact-sheet-and-selected-details,,hamburguesas-cerdo; albondigas-cerdo,
colo 0.zip,colo 0/IMG_20261009_171225.jpg,IMG_20261009_171225.jpg,ff1b5745dff6d2b6de7941f982070009052a3c1adc2f5577890bece058178c3d,3083833,4160; 3120,new-photo,visually-inspected-contact-sheet-and-selected-details,,bolitas-queso; raviolis,
colo 0.zip,colo 0/IMG_20261009_171228.jpg,IMG_20261009_171228.jpg,306bd67017f5956b47cb1db6c19a75873e3a7bba1c3904175f8e4587afcbfb31,3218945,4160; 3120,new-photo,visually-inspected-contact-sheet-and-selected-details,,hamburguesas-cerdo; albondigas-cerdo,
colo 0.zip,colo 0/IMG_20261009_171247.jpg,IMG_20261009_171247.jpg,0684c35dddecc5347dc708888b3f94de3b8f8a5c67e852ad2a5d0f989324434a,3622032,4160; 3120,new-photo,visually-inspected-contact-sheet-and-selected-details,,bravo-mortadela,
colo 0.zip,colo 0/IMG_20261009_171251_1.jpg,IMG_20261009_171251_1.jpg,b0202d80c5523d6d5012dbafb02b1516624bfa2f2eff65d0b4ceb292215b0077,3202770,4160; 3120,new-photo,visually-inspected-contact-sheet-and-selected-details,,bravo-jamon-barra; bravo-jamon-cocido,
colo 0.zip,colo 0/IMG_20261009_171258.jpg,IMG_20261009_171258.jpg,59a247cef1e92be51fa7bbadba588e1340d0c305d1eae9ef456dd4469fb7c7d9,3292886,3120; 4160,new-photo,visually-inspected-contact-sheet-and-selected-details,,queso-iberico,
colo 0.zip,colo 0/IMG_20261009_171304.jpg,IMG_20261009_171304.jpg,26cd118800a256e7e0759535a9983bd9916611bacbc374fcb0acdefb910ddd15,3146725,3120; 4160,new-photo,visually-inspected-contact-sheet-and-selected-details,,queso-iberico; bravo-pasta-boca; frico-gouda,
colo 0.zip,colo 0/IMG_20261009_171306.jpg,IMG_20261009_171306.jpg,0154649b1a3eb34d2329663182b2d7ecbe1e3064d3236384c6c270b74d64f079,2635772,3120; 4160,new-photo,visually-inspected-contact-sheet-and-selected-details,,renypicot-mantequilla; frico-gouda,
colo 0.zip,colo 0/IMG_20261009_171308_1.jpg,IMG_20261009_171308_1.jpg,0309b32a8597e7a7aebe50951beb3fd2684878c54b032bfe7ebcc87d686e9a64,2759665,3120; 4160,new-photo,visually-inspected-contact-sheet-and-selected-details,,president-camembert; president-brie,
colo 0.zip,colo 0/IMG_20261009_171321.jpg,IMG_20261009_171321.jpg,d2d432d4e37282ca5ed7ec24d852fd1821abaafbe758c2b4968d1f78dc5a2fc6,3343713,4160; 3120,new-photo,visually-inspected-contact-sheet-and-selected-details,,planta-santa; pacto-navio; carafiestas,
colo 0.zip,colo 0/IMG_20261009_171323_1.jpg,IMG_20261009_171323_1.jpg,6a13ab1562915ed6ed092ea9f5c2333cd28827f223a646862ce6e03a791a6a2f,2932266,4160; 3120,new-photo,visually-inspected-contact-sheet-and-selected-details,,carafiestas; altos-reposado,
colo 0.zip,colo 0/IMG_20261009_171327.jpg,IMG_20261009_171327.jpg,f2480067ecb9c592ba82cd9030c06a7c693fd7e734ed5d77681edf0bbb424fd5,3205059,4160; 3120,new-photo,visually-inspected-contact-sheet-and-selected-details,,altos-reposado; olmeca-reposado,
colo 0.zip,colo 0/IMG_20261009_171328_1.jpg,IMG_20261009_171328_1.jpg,2aae0fad5864e6c1fe1b07042ea28c64bccd7279c197ee83b4de9c2bc67ea96a,2984265,4160; 3120,new-photo,visually-inspected-contact-sheet-and-selected-details,,jw-doubleblack; glenlivet-founders; jw-redlabel,
colo 0.zip,colo 0/IMG_20261009_171331_1.jpg,IMG_20261009_171331_1.jpg,72ed275b8126562e7c3952769c3e91267d78e06cf53b76ae7e6ec8613326dabf,2817931,4160; 3120,new-photo,visually-inspected-contact-sheet-and-selected-details,,jw-redlabel; jw-bluelabel; jameson; ballantines,
colo 0.zip,colo 0/IMG_20261009_171335.jpg,IMG_20261009_171335.jpg,1cfff71fdd18c71b54d05fba785c32853db17f736644fd40ce410032c667a663,2715833,4160; 3120,new-photo,visually-inspected-contact-sheet-and-selected-details,,jameson; ballantines,
colo 0.zip,colo 0/IMG_20261009_171339.jpg,IMG_20261009_171339.jpg,476f1925f47e54484c8a6e51646d021026e89e2cb2c70ce6c95f281a5b8ccb6a,3547765,4160; 3120,new-photo,visually-inspected-contact-sheet-and-selected-details,,armageddon; absolut; ciroc,
colo 0.zip,colo 0/IMG_20261009_171341.jpg,IMG_20261009_171341.jpg,e6d6ab915323cc6f3d0759e5fcb9731057659e1a69fd8d0d85003c45789eaa38,3480698,4160; 3120,new-photo,visually-inspected-contact-sheet-and-selected-details,,jodhpur-mandore; jodhpur-londondry; beefeater,
colo 0.zip,colo 0/IMG_20261009_171345.jpg,IMG_20261009_171345.jpg,31d119753b86d0ead0e609066adf414f57d25419c96f2b9be6fb3cc9b1e76767,3896805,4160; 3120,new-photo,visually-inspected-contact-sheet-and-selected-details,,tanqueray; santiago-11; santiago-12,
colo 0.zip,colo 0/IMG_20261009_171348.jpg,IMG_20261009_171348.jpg,416f35694f65a442831fe55c9617e39f8e67dec6ba960356c42b91d281df7c0e,3593865,4160; 3120,new-photo,visually-inspected-contact-sheet-and-selected-details,,santiago-8; santiago-blanca,
colo 0.zip,colo 0/IMG_20261009_171351.jpg,IMG_20261009_171351.jpg,310c736596a47f4fc6b9e2581a849f9980fcecb43feddfbd10fbbca520fa5b73,3564008,4160; 3120,new-photo,visually-inspected-contact-sheet-and-selected-details,,santiago-blanca; santiago-anejo; santiago-oscura,
colo 0.zip,colo 0/IMG_20261009_171356.jpg,IMG_20261009_171356.jpg,7a519b69bed24ac0e98466d2ac4a4039075e075d54d52b50bd7f98e69b1f4c37,3005049,4160; 3120,new-photo,visually-inspected-contact-sheet-and-selected-details,,havana-ritual; havana-especial; havana-reserva,
colo 0.zip,colo 0/IMG_20261009_171400.jpg,IMG_20261009_171400.jpg,49665c8e4d325291611b9fb843adf8734249b9b0b3f659e105d910201713e154,3194873,3120; 4160,new-photo,visually-inspected-contact-sheet-and-selected-details,,havana-ritual,
colo 0.zip,colo 0/IMG_20261009_171405.jpg,IMG_20261009_171405.jpg,5d06b99db2b4e219b1b3f7c4c388d142b18f169e87b3715fc228949bf0d9ab88,3645398,4160; 3120,new-photo,visually-inspected-contact-sheet-and-selected-details,,havana-especial; havana-reserva; havana-profundo; havana-maestros,
colo 0.zip,colo 0/IMG_20261009_171408.jpg,IMG_20261009_171408.jpg,076fe1544abb2c1e2a1095c0154b580e6db9413607c21f7dc1d68c8e4130b3f0,3429328,4160; 3120,new-photo,visually-inspected-contact-sheet-and-selected-details,,havana-profundo; havana-maestros; havana-spiced; havana-7,
colo 0.zip,colo 0/IMG_20261009_171417.jpg,IMG_20261009_171417.jpg,797408c5a792c19b1cd6303d1799ca45237ba61d78e2ec85864e3d279c03a7b9,3512012,4160; 3120,new-photo,visually-inspected-contact-sheet-and-selected-details,,molinari; legendario,
colo 0.zip,colo 0/IMG_20261009_171420.jpg,IMG_20261009_171420.jpg,8c36fd2755791eba63ce56227055ef591b6faedbe38a0b025d53ce48046721be,3892244,4160; 3120,new-photo,visually-inspected-contact-sheet-and-selected-details,,havana-3,
colo 0.zip,colo 0/IMG_20261009_171423.jpg,IMG_20261009_171423.jpg,db9b7e36ed06627d6f96c665dc87690442059b266b93c6d7f8a0c67f9bd1cb9e,3273412,4160; 3120,new-photo,visually-inspected-contact-sheet-and-selected-details,,jagermeister-1l; jagermeister-700,
colo 0.zip,colo 0/IMG_20261009_171427.jpg,IMG_20261009_171427.jpg,35f097d8e25824b486b2caf4e2a23aeb6ae770ddd01ec184a4e06908e49af11e,3204388,4160; 3120,new-photo,visually-inspected-contact-sheet-and-selected-details,,sangretoro-red; sangretoro-rose; sangretoro-special,
colo 0.zip,colo 0/IMG_20261009_171432.jpg,IMG_20261009_171432.jpg,e47101db33eb3444cd758f59babe6caaad1e1f579bbfd15f3f32eefedda18520,3372609,4160; 3120,new-photo,visually-inspected-contact-sheet-and-selected-details,,vinasol; sangretoro-red; sangretoro-white,
colo 0.zip,colo 0/IMG_20261009_171435.jpg,IMG_20261009_171435.jpg,d1ba60f2ce3d40d5daa3de989d3454f2fc0c9eb231b9a7133051127fcc2e2a88,3600787,4160; 3120,new-photo,visually-inspected-contact-sheet-and-selected-details,,santacarolina-rose; santacarolina-sauvignon; celeste-verdejo,
colo 0.zip,colo 0/IMG_20261009_171438.jpg,IMG_20261009_171438.jpg,d1d58c2ebbfb85ec8d888b8f70324a28961c87965ff193ef0ea4369a05d3f10c,4267331,4160; 3120,new-photo,visually-inspected-contact-sheet-and-selected-details,,molinari,
colo 0.zip,colo 0/IMG_20261009_171446.jpg,IMG_20261009_171446.jpg,ed0e53e9a6ffaf3a79a23b6afa0936932c5746b10b3d27355ecf72fc133056fe,3199054,4160; 3120,new-photo,visually-inspected-contact-sheet-and-selected-details,,res-molida,
colo 0.zip,colo 0/IMG_20261009_171447_1.jpg,IMG_20261009_171447_1.jpg,e69e015141aab1cd6bc8508f86b8d4eddf3f9da1078a8d9cf9c468bddbc1cdb6,2497118,4160; 3120,new-photo,visually-inspected-contact-sheet-and-selected-details,,bacon-slices,
colo 0.zip,colo 0/IMG_20261009_171457.jpg,IMG_20261009_171457.jpg,cfee0961389eb357f44f9e3c686aec0cebdcf6bf402c823230290c3356dd92bb,3579817,4160; 3120,new-photo,visually-inspected-contact-sheet-and-selected-details,,res-molida,
colo 0.zip,colo 0/IMG_20261009_171500.jpg,IMG_20261009_171500.jpg,874069dee97dd572200846437feaddd607c999dab5d8c3eebe9276db2bd1f457,3400477,4160; 3120,new-photo,visually-inspected-contact-sheet-and-selected-details,,res-molida,
colo 0.zip,colo 0/IMG_20261009_171506.jpg,IMG_20261009_171506.jpg,25eafe788aff40333725e0171976faaa30c7cc255e0c4d93bb897c1047e79ec4,3406204,4160; 3120,new-photo,visually-inspected-contact-sheet-and-selected-details,,bacon-slices,
colo 0.zip,colo 0/IMG_20261009_171512.jpg,IMG_20261009_171512.jpg,e0c99e7cf3e09c5dd3c2d0edf9812f8399c2f55ac3dd82106f014e8f135c40c3,3043363,4160; 3120,new-photo,visually-inspected-contact-sheet-and-selected-details,,bacon-slices,
colo 0.zip,colo 0/IMG_20261009_171517.jpg,IMG_20261009_171517.jpg,46fb676963407de449102699222b4a5d7191c8304cdb9270d0197f2da44553d9,2954345,4160; 3120,new-photo,visually-inspected-contact-sheet-and-selected-details,,bacon-slices,
colo 0.zip,colo 0/IMG_20261009_171521.jpg,IMG_20261009_171521.jpg,bc8579b0a3f5c457d46e6d48d4024432ddb2ce37e664bc5174594e7a550fdb88,3059748,4160; 3120,new-photo,visually-inspected-contact-sheet-and-selected-details,,bacon-slices,
colo 0.zip,colo 0/IMG_20261009_171529.jpg,IMG_20261009_171529.jpg,1492d3b1f09d854df2174b5b83398ec65e1593db555fe79d2be4edbc1235318e,3029698,3120; 4160,new-photo,visually-inspected-contact-sheet-and-selected-details,,bacon-slices,
colo 0.zip,colo 0/IMG_20261009_171545_1.jpg,IMG_20261009_171545_1.jpg,72db3e6d67e7a7830f541e80d358737a69e547334f24baa1067576cf67452a91,3566155,3120; 4160,new-photo,visually-inspected-contact-sheet-and-selected-details,,roncari-blue; valle-curado; ribera-semicurado; queso-azul-porcion,
colo 0.zip,colo 0/IMG_20261009_171549.jpg,IMG_20261009_171549.jpg,6380abcb6d188805cc3fe9c4a76a9399137bab61344c8be0dd265f995cd51d0d,3316942,3120; 4160,new-photo,visually-inspected-contact-sheet-and-selected-details,,valle-trufa; queso-azul-porcion; queso-vacio-generico,
colo 0.zip,colo 0/IMG_20261009_171552.jpg,IMG_20261009_171552.jpg,c906f9cece01bdfc789c20f0d7476168fccc02308046f5f9b82c5f97280d6950,3214765,3120; 4160,new-photo,visually-inspected-contact-sheet-and-selected-details,,queso-vacio-generico,
colo 0.zip,colo 0/IMG_20261009_171556_1.jpg,IMG_20261009_171556_1.jpg,2b5369a31910718114015bfbf21bd177f659a6731ab0ef48937b659a54702508,2781493,3120; 4160,new-photo,visually-inspected-contact-sheet-and-selected-details,,roncari-blue; valle-curado; ribera-semicurado; valle-trufa,
colo 0.zip,colo 0/IMG_20261009_171601_1.jpg,IMG_20261009_171601_1.jpg,57f69e86793cff37a13ab91a2d1ffc729e44f67fbd5adff4601717578ac980a7,3550205,3120; 4160,new-photo,visually-inspected-contact-sheet-and-selected-details,,hollandmar-mozzarella; cello-variety,
colo 0.zip,colo 0/IMG_20261009_171605_1.jpg,IMG_20261009_171605_1.jpg,9d4bc8b8eb020b893942e0107c860f4f3118237535e356687480bea9fcf2850f,3311544,3120; 4160,new-photo,visually-inspected-contact-sheet-and-selected-details,,wapa-chorizo; wapa-butifarra; bravo-mortadela; bravo-jamon-york; bravo-pasta-boca; hollandmar-mozzarella; cello-variety; pate-bandeja; fiambre-lonchas,
colo 0.zip,colo 0/IMG_20261009_171608_1.jpg,IMG_20261009_171608_1.jpg,0cff6e8355a2da83462a1b3e92d213cacc52e3694a233b2ee06a0f43ba381d09,3025462,3120; 4160,new-photo,visually-inspected-contact-sheet-and-selected-details,,bravo-jamon-barra; cello-variety; fiambre-lonchas; eltoro-mortadela,
colo 0.zip,colo 0/IMG_20261009_171612.jpg,IMG_20261009_171612.jpg,3d15b3de09fc038ce9389585ae02627f47173fb5305abb23dc9d41095b344284,3331998,3120; 4160,new-photo,visually-inspected-contact-sheet-and-selected-details,,bravo-jamon-cocido; bravo-salami; bravo-bacon-bloque,
colo 0.zip,colo 0/IMG_20261009_171614_1.jpg,IMG_20261009_171614_1.jpg,664392746aad45a5d00b9737999a489f150659a8416c5584c7ca8b3d4f2f8cb6,3328900,3120; 4160,new-photo,visually-inspected-contact-sheet-and-selected-details,,bravo-jamon-barra; bravo-salami; bravo-bacon-bloque,
colo 0.zip,colo 0/IMG_20261009_171616_1.jpg,IMG_20261009_171616_1.jpg,f1caac65d6402ad0f97a9684476ead62eee6c76b90ecfdc7a82ef54d3e608a8f,3235541,3120; 4160,new-photo,visually-inspected-contact-sheet-and-selected-details,,bravo-jamon-cocido; bravo-pasta-boca; eltoro-mortadela,
colo 0.zip,colo 0/IMG_20261009_171622.jpg,IMG_20261009_171622.jpg,b9f2152ad9753adc747f3c89f10af4e15d2a4aa49a194bba16c910abd9f0ee53,3715735,4160; 3120,new-photo,visually-inspected-contact-sheet-and-selected-details,happyone-adulto,,
colo 0.zip,colo 0/IMG_20261009_171627.jpg,IMG_20261009_171627.jpg,ff6d93fa4a8bd567cfdd6c3579d578c8e8c1fab5778e46d593509af28ed4b317,2841293,3120; 4160,new-photo,visually-inspected-contact-sheet-and-selected-details,,roinat-puppy,
colo 0.zip,colo 0/IMG_20261009_171633.jpg,IMG_20261009_171633.jpg,3e20ede91edc5334623cc925ca7769f66d99fd1e21eb8b44e4255c7a28d6c450,3105604,3120; 4160,previous-photo-reencoded,prior-inspection-reused,happyone-adulto,,
