sharedProductId,name,description,category,subcategory,priceCUP,publicationStatus,priceStatus,missingDetails,sourcePhotos
almendras-chocolate,Almendras con chocolate con leche,"Member’s Mark · Frasco 1,36 kg",Frutos secos,Almendras,25500,published,,,IMG_20261009_164901.jpg
pasas-chocolate,Pasas cubiertas de chocolate,"Member’s Mark · Frasco 1,53 kg",Frutos secos,Cubiertos de chocolate,24500,published,,,IMG_20261009_164902_1.jpg
pobeda-madagascar,Chocolate Pobeda Madagascar,Chocolate negro · 55 % cacao · Tableta,Alimentos,Chocolate,3300,published,,,IMG_20261009_164905_1.jpg
pobeda-ecuador,Chocolate Pobeda Ecuador,Chocolate con leche · 45 % cacao · Tableta,Alimentos,Chocolate,3500,published,,,IMG_20261009_164905_1.jpg
pobeda-cote-ivoire,Chocolate Pobeda Côte d’Ivoire,Chocolate negro · 60 % cacao · Tableta,Alimentos,Chocolate,3700,published,,,IMG_20261009_164905_1.jpg
lacasa-menta,Chocolate negro con menta Lacasa,70 % cacao · Tableta,Alimentos,Chocolate,3900,published,,,IMG_20261009_164907_1.jpg
bentons-fresa,Mini galletas Benton's de fresa,Strawberry Mini Fudge Dipped Cookie Bites · Bolsa,Alimentos,Galletas,5000,published,,,IMG_20261009_164913_1.jpg
bentons-arandano,Mini galletas Benton's de arándano y limón,Blueberry Lemon Mini Fudge Dipped Cookie Bites · Bolsa,Alimentos,Galletas,5000,published,,,IMG_20261009_164913_1.jpg
choceur-cups,Chocolate Choceur con mantequilla de maní,Milk Chocolate Peanut Butter Cups · Bolsa,Alimentos,Chocolate,5600,published,,,IMG_20261009_164915_1.jpg
mounds,Chocolates Mounds de coco,Paquete de 4 barras snacksize,Alimentos,Chocolate,2500,published,,,IMG_20261009_164918_1.jpg
milky-way,Chocolate Milky Way,"Chocolate con leche, caramelo y nougat · 48 g",Alimentos,Chocolate,2500,published,,,IMG_20261009_164921.jpg
papel-excelencia,Papel higiénico La Excelencia,Super Suave · 4 rollos · 2 capas,Aseo,Higiene del hogar,1250,published,,,IMG_20261009_164927_1.jpg
members-pacs,Cápsulas de detergente Member's Mark,Laundry Power Pacs · Blooming Breeze · 65 unidades,Aseo,Lavandería,21000,published,,,IMG_20261009_164933.jpg
tide-spring,Cápsulas de detergente Tide Spring Meadow,Pods · Bolsa,Aseo,Lavandería,19000,published,,,IMG_20261009_164936_1.jpg
gain-original-grande,Cápsulas de detergente Gain Original,Bolsa grande · Vista del envase disponible,Aseo,Lavandería,18700,published,,,IMG_20261009_164936_1.jpg
tide-oxi,Cápsulas Tide Ultra Oxi,Power Pods · Bolsa 757 g,Aseo,Lavandería,9000,published,,,IMG_20261009_164939.jpg
gain-suavizante,Suavizante Gain Original,Fabric Softener · 306 mL,Aseo,Lavandería,5000,published,,,IMG_20261009_164949_1.jpg
magali-mora,Gel de baño Magali Mora,Blackberry · Botella,Aseo,Cuidado personal,2300,published,,,IMG_20261009_164957_1.jpg
snonas-candy,Gel de baño S'nonas Candy Shop,Botella,Aseo,Cuidado personal,3300,published,,,IMG_20261009_164957_1.jpg
snonas-honey,Colonia S'nonas Fraîche amarilla,Botella 750 mL,Aseo,Cuidado personal,3300,published,,,IMG_20261009_164957_1.jpg
dicora-avena,Gel de baño Dicora Yogurt y Avena,Urban Fit · Shower Cream · 400 mL,Aseo,Cuidado personal,4200,published,,,IMG_20261009_165004.jpg
dicora-citrus,Gel de baño Dicora Citrus y Peach,Urban Fit · 400 mL,Aseo,Cuidado personal,4200,published,,,IMG_20261009_165004.jpg
snonas-body,Crema corporal S'nonas PH,Body Milk Hidratante · 1.000 mL,Aseo,Cuidado personal,3350,published,,,IMG_20261009_165004.jpg
snonas-coco-pina,Gel de baño S'nonas Coco y Piña,Botella 750 mL,Aseo,Cuidado personal,3850,published,,,IMG_20261009_165004.jpg
peine-flexys,Peine antipiojos Flexys,Peine de doble cara · 1 unidad,Aseo,Cuidado personal,1000,published,,,IMG_20261009_165013_1.jpg
balsamos-paul-frank,Bálsamos labiales Paul Frank,Set de 6 piezas,Aseo,Cuidado personal,2000,published,,,IMG_20261009_165016_1.jpg
ventilador-pure-silk,Mini ventilador Pure Silk,Portátil · Funciona con pilas,Accesorios,Hogar,4800,published,,,IMG_20261009_165019_1.jpg
nordic-ar,Perlas aromáticas Nordic Air,In-wash Fragrance Booster · 297 g,Aseo,Lavandería,4500,published,,,IMG_20261009_165026_1.jpg
un-n09,Perlas aromáticas Un N.09,Laundry Scent Booster · Fine Pine,Aseo,Lavandería,7500,published,,,IMG_20261009_165026_1.jpg
ohmy-azul,Champú Oh My azul,Antiqueda · 300 mL,Aseo,Cuidado personal,3450,published,,,IMG_20261009_165026_1.jpg
ohmy-rojo,Champú Oh My rojo,Desmaia · 300 mL,Aseo,Cuidado personal,3450,published,,,IMG_20261009_165026_1.jpg
febreze-luxe,Ambientador Febreze Luxe,Air · Summer Golden Hour,Aseo,Ambientadores,6000,published,,,IMG_20261009_165026_1.jpg
salud-salfuman,Aguafuerte La Salud Salfumán,Botella negra · Cierre blanco,Aseo,Limpieza del hogar,2900,published,,,IMG_20261009_165036.jpg
salud-multiusos,Multiusos y limpiacristales La Salud,2 en 1 · Botella de líquido azul,Aseo,Limpieza del hogar,2900,published,,,IMG_20261009_165039_1.jpg
salud-antical-spray,Antical La Salud Brillo Total,2 en 1 · Baños y duchas · Pulverizador,Aseo,Limpieza del hogar,4000,published,,,IMG_20261009_165039_1.jpg
khawla-lavavajillas,Lavavajillas Khawla,Botella blanca · Tapón verde,Aseo,Limpieza del hogar,1200,published,,,IMG_20261009_165045.jpg
dawn-crisp-lilac,Lavavajillas Dawn Powerwash Crisp Lilac,Recarga · 16 oz,Aseo,Limpieza del hogar,21500,published,,,IMG_20261009_165050_1.jpg
lex-wc-limp,Limpiador Lex Clean WC Limp,Desincrustante · 1 litro,Aseo,Limpieza del hogar,4900,published,,,IMG_20261009_165055_1.jpg
pano-blanco,Paño de limpieza blanco,Unidad · Medidas por confirmar,Aseo,Limpieza del hogar,700,published,,,IMG_20261009_165059_1.jpg
pano-amarillo,Paño de limpieza amarillo,Unidad · Medidas por confirmar,Aseo,Limpieza del hogar,1150,published,,,IMG_20261009_165059_1.jpg
nature-cinnamon,Enjuague bucal Nature Fresh Cinnamon,532 mL,Aseo,Cuidado personal,4000,published,,,IMG_20261009_165106_1.jpg
nature-spearmint,Enjuague bucal Nature Fresh Spearmint,710 mL,Aseo,Cuidado personal,4500,published,,,IMG_20261009_165106_1.jpg
mister-pack-congelacion,Bolsas para congelación Mister Pack,15 bolsas · 28 × 42 cm · 6 L,Accesorios,Cocina,1000,published,,,IMG_20261009_165110_1.jpg
mical-film,Film transparente Mical,Rollo de 30 m,Accesorios,Cocina,2500,published,,,IMG_20261009_165106_1.jpg
alfa-molinillos,Molinillos de sal y pimienta Alfa,Set de 2 piezas · Verde,Accesorios,Cocina,4400,published,,,IMG_20261009_165114.jpg
summers-eve-fresh,Summer’s Eve Fresh Scent,Caja · Presentación visible,Aseo,Cuidado personal,1350,published,,,IMG_20261009_165120.jpg
vapour-rub,Vapour Rub Green Stick,Frasco · Family Value Pack,Aseo,Cuidado personal,1100,published,,,IMG_20261009_165120.jpg
bastoncillos-grandes,Bastoncillos de algodón,Envase redondo grande · Cantidad no legible,Aseo,Cuidado personal,700,published,,,IMG_20261009_165123_1.jpg
palillos,Palillos de madera,Envase con tapa decorada · Colores surtidos,Accesorios,Cocina,700,published,,,IMG_20261009_165123_1.jpg
truearth-spring,Detergente en tiras Net Zero Co by Tru Earth,Spring Breeze · 20 tiras,Aseo,Lavandería,4500,published,,,IMG_20261009_165128.jpg
belle-france-antitransfert,Toallitas antitransferencia Belle France,Caja de 25 unidades,Aseo,Lavandería,3000,published,,,IMG_20261009_165128.jpg
harmony-lemon,Jabón Harmony Lemon,Fruit series · Una pastilla en envoltorio,Aseo,Cuidado personal,450,published,,,IMG_20261009_165138.jpg
parex-s,Bolsas de basura Parex S,20 L · 40 × 50 cm · 20 bolsas,Aseo,Higiene del hogar,1750,published,,,IMG_20261009_165144.jpg
parex-m,Bolsas de basura Parex M,35 L · 55 × 60 cm · 30 bolsas,Aseo,Higiene del hogar,2500,published,,,IMG_20261009_165144.jpg
happy-baby-soap,Jabón Happy Baby,Cream soap · Manzanilla y sumac · Caja,Aseo,Cuidado personal,2500,published,,,IMG_20261009_165150.jpg
amber-sugar-cookie,Desodorante Amber Sugar Cookie,60 g · Envase rosa,Aseo,Cuidado personal,3500,published,,,IMG_20261009_165157.jpg
rose-honey,Toallitas húmedas Rose Honey y Camomile,Paquete con tapa rígida · Cantidad no legible,Aseo,Cuidado personal,1100,published,,,IMG_20261009_165200.jpg
ronza-lemon,Toallitas húmedas Ronza Lemon,Paquete de 15 unidades,Aseo,Cuidado personal,500,published,,,IMG_20261009_165200.jpg
astera-kids,Pasta dental Astera Kids,Ice cream · Caja,Aseo,Cuidado personal,1500,published,,,IMG_20261009_165203.jpg
colgate-advanced,Pasta dental Colgate Advanced White,100 mL · 140 g,Aseo,Cuidado personal,1300,published,,,IMG_20261009_165207.jpg
colgate-triple,Pasta dental Colgate Triple Action,100 mL,Aseo,Cuidado personal,1200,published,,,IMG_20261009_165207.jpg
futuro-pitillos-200,Pitillos biodegradables Futuro,Paquete de 200 unidades,Accesorios,Cocina,3000,published,,,IMG_20261009_165214.jpg
veslee-aerosol,Pintura en aerosol Veslee,Envase con tapa roja,Accesorios,Ferretería,2000,published,,,IMG_20261009_165214.jpg
tfs-utensilios-3,Set de utensilios TFS,Blíster de 3 piezas,Accesorios,Cocina,1250,published,,,IMG_20261009_165214.jpg
durian-cepillos-5,Cepillos dentales Durian,Paquete de 5 unidades,Aseo,Cuidado personal,2000,published,,,IMG_20261009_165222.jpg
hilo-dental,Hilo dental Morgem,Blíster individual,Aseo,Cuidado personal,550,published,,,IMG_20261009_165219.jpg
magali-avena,Jabón de manos Magali Avena,Envase con dispensador,Aseo,Cuidado personal,1800,published,,,IMG_20261009_165227.jpg
personal-care-afeitar,Crema de afeitar Personal Care Men,Extra Thick Regular · 283 g,Aseo,Cuidado personal,4000,published,,,IMG_20261009_165236.jpg
xtracare-afeitar,Crema de afeitar XtraCare,Sensitive Skin,Aseo,Cuidado personal,3000,published,,,IMG_20261009_165236.jpg
viking-sensitive,Espuma de afeitar Viking,Sensitive · Envase blanco,Aseo,Cuidado personal,4000,published,,,IMG_20261009_165242.jpg
tango-verde,Espuma de afeitar Tango,Variante de envase verde,Aseo,Ambientadores,1200,published,,,IMG_20261009_165242.jpg
febreze-plug,Dispositivo Febreze Plug,Dispositivo en blíster,Aseo,Ambientadores,5000,published,,,IMG_20261009_165247.jpg
stinky-bowl-citrus,Gel para inodoro Stinky Bowl,Citrus · Dispensador y 12 aplicaciones,Aseo,Limpieza del hogar,4000,published,,,IMG_20261009_165247.jpg
luv-fresh-tropic,Crema de manos LuvFresh Tropic Garden,30 ml · Blíster individual,Aseo,Ambientadores,5500,published,,,IMG_20261009_165247.jpg
suavitel-hojas,Hojas suavizantes Suavitel,Field Flowers · Caja de 20 hojas,Aseo,Lavandería,4000,published,,,IMG_20261009_165257.jpg
pure-silk-mini,Mini plancha de cabello Pure Silk,Presentación en caja,Accesorios,Cuidado personal,5700,published,,,IMG_20261009_165257.jpg
nevada-strawberry,Mascarilla facial Nevada Strawberry,Sobre individual,Aseo,Cuidado personal,1000,published,,,IMG_20261009_165303.jpg
goraw-chili-lime,Semillas Go Raw Chili Lime,Organic Snacking Seeds,Frutos secos,Semillas,250,published,,,IMG_20261009_165328.jpg
aldi-gummy-worms,Gomitas ALDI Gummy Sour Worms,Variety · Bolsa,Alimentos,Golosinas,3500,published,,,IMG_20261009_165333.jpg
sour-punch-banana,Sour Punch Bites Banana,Bolsa,Alimentos,Golosinas,1350,published,,,IMG_20261009_165333.jpg
actii-butter-lovers,Palomitas ACT II Butter Lovers,Paquete para microondas,Alimentos,Snacks,700,published,,,IMG_20261009_165337.jpg
dove-pudding,Pudín Dove Milk Chocolate,Pudding & Pie Filling · Caja,Alimentos,Chocolate,3500,published,,,IMG_20261009_165341.jpg
boom-frutos-rojos,Gelatina Boom Frutos Rojos,Caja de 3 sobres · 120 g,Alimentos,Bebidas en polvo,1550,published,,,IMG_20261009_165345.jpg
macrofood-pina,Gelatina Macro Food Piña,Caja de 100 g,Alimentos,Bebidas en polvo,1280,published,,,IMG_20261009_165347.jpg
oli-pina,Gelatina Oli Piña,Baldom · Caja de 85 g,Alimentos,Bebidas en polvo,530,published,,,IMG_20261009_165353.jpg
quaker-granola,Granola Quaker Simply Granola,"Oats, Honey, Raisins & Almonds · 1,95 kg",Alimentos,Granolas,15500,published,,,IMG_20261009_165401.jpg | IMG_20261009_165541.jpg | IMG_20261009_165544.jpg
kirkland-cashew-clusters,Kirkland Cashew Clusters,Almendras y semillas de calabaza · 907 g,Frutos secos,Almendras,22000,published,,,IMG_20261009_165401.jpg | IMG_20261009_165541.jpg | IMG_20261009_165544.jpg
nutrail-cinnamon,Granola NuTrail Cinnamon Pecan,Nut Granola · 624 g,Alimentos,Granolas,19000,published,,,IMG_20261009_165401.jpg | IMG_20261009_165541.jpg | IMG_20261009_165544.jpg
purely-cookie-granola,Granola Purely Elizabeth Chocolate Chip,Cookie Granola · Bolsa,Alimentos,Granolas,15000,published,,,IMG_20261009_165401.jpg | IMG_20261009_165541.jpg
jif-creamy,Crema de maní Jif Creamy,"Frasco de 1,36 kg",Frutos secos,Maní,15000,published,,,IMG_20261009_165407.jpg | IMG_20261009_165556.jpg | IMG_20261009_165547_1.jpg | IMG_20261009_165551_1.jpg
kirkland-peanuts,Maní Kirkland Super Extra-Large,"Roasted & Salted · Lata de 1,13 kg",Frutos secos,Maní,18000,published,,,IMG_20261009_165407.jpg | IMG_20261009_165556.jpg | IMG_20261009_165547_1.jpg | IMG_20261009_165551_1.jpg
southern-cocktail,Maní Southern Grove Cocktail,With Sea Salt · Lata de 454 g,Frutos secos,Maní,7000,published,,,IMG_20261009_165407.jpg | IMG_20261009_165556.jpg | IMG_20261009_165547_1.jpg | IMG_20261009_165551_1.jpg
southern-honey,Maní Southern Grove Honey Roasted,Frasco con tapa amarilla,Frutos secos,Maní,6500,published,,,IMG_20261009_165407.jpg | IMG_20261009_165547_1.jpg | IMG_20261009_165551_1.jpg
wellsley-peanut-mix,Wellsley Farms Peanut Butter Lovers,"Trail Mix · Bolsa de 1,13 kg",Frutos secos,Mezclas,19500,published,,,IMG_20261009_165412.jpg
southern-tropical,Southern Grove Tropical Trail Mix,Bolsa,Frutos secos,Mezclas,10500,published,,,IMG_20261009_165412.jpg
southern-cajun,Southern Grove Sweet & Spicy Cajun,Trail Mix · Bolsa,Frutos secos,Mezclas,11000,published,,,IMG_20261009_165412.jpg
southern-indulgent,Southern Grove Indulgent Trail Mix,Bolsa,Frutos secos,Mezclas,10500,published,,,IMG_20261009_165412.jpg
gv-cranberry-mix,"Great Value Cranberry, Cashew & Almond",Trail Mix · 680 g,Frutos secos,Mezclas,13000,published,,,IMG_20261009_165423.jpg
gv-chocolate-peanut-mix,Great Value Chocolate Peanut Butter,Trail Mix · 624 g,Frutos secos,Mezclas,13500,published,,,IMG_20261009_165423.jpg
gv-probiotic-mix,Great Value Probiotic Trail Mix,Bolsa de 680 g,Frutos secos,Mezclas,13000,published,,,IMG_20261009_165423.jpg
members-pistachios,Pistachos Member’s Mark,"Roasted California · Sea Salt · 1,36 kg",Frutos secos,Pistachos,35000,published,,,IMG_20261009_165430.jpg
wonderful-pistachios-454,Pistachos Wonderful sin cáscara,Roasted & Salted · Bolsa de 454 g,Frutos secos,Pistachos,25500,published,,,IMG_20261009_165430.jpg
wonderful-pistachios-340,Pistachos Wonderful sin cáscara,Roasted & Salted · Bolsa de 340 g,Frutos secos,Pistachos,18000,published,,,IMG_20261009_165430.jpg
wonderful-pepper,Pistachos Wonderful Sea Salt & Pepper,Sin cáscara · Bolsa de 311 g,Frutos secos,Pistachos,18000,published,,,IMG_20261009_165430.jpg
barilla-pesto,Pesto Barilla alla Genovese,Frasco · Albahaca,Conservas,Salsas y encurtidos,2500,published,,,IMG_20261009_165913.jpg
trader-olive-pesto,Trader Joe’s Olive and Basil Pesto,Frasco de 180 g,Conservas,Salsas y encurtidos,4200,published,,,IMG_20261009_165913.jpg
trader-basil-pesto,Trader Joe’s Basil Pesto Sauce,Frasco de 190 g,Conservas,Salsas y encurtidos,4700,published,,,IMG_20261009_165916.jpg
huerta-pepinos,Pepinos grandes La Huerta de al Lado,En vinagre · Frasco,Conservas,Encurtidos y aceitunas,1700,published,,,IMG_20261009_165916.jpg
huerta-cocktail,Cóctel de encurtidos La Huerta de al Lado,345 g · Peso escurrido 180 g,Conservas,Encurtidos y aceitunas,1700,published,,,IMG_20261009_165920.jpg
huerta-banderillas,Banderillas La Huerta de al Lado,Frasco de encurtidos en pinchos,Conservas,Encurtidos y aceitunas,1700,published,,,IMG_20261009_165920.jpg
vima-negras,Aceitunas negras sin hueso Vima,Contenido neto 1.820 g · Escurrido 930 g,Conservas,Encurtidos y aceitunas,13000,published,,,IMG_20261009_165924.jpg
vima-alinadas,Aceitunas verdes aliñadas Vima,Frasco grande,Conservas,Encurtidos y aceitunas,12500,published,,,IMG_20261009_165928.jpg
qbanito-cebollitas,Cebollitas Qbanito,Contenido neto 230 g · Escurrido 120 g,Conservas,Encurtidos y aceitunas,1600,published,,,IMG_20261009_165932.jpg
didi-peras,Peras Didi en almíbar ligero,Mitades · Lata,Conservas,Frutas,700,published,,,IMG_20261009_165932.jpg
tom-frijol-cocido,Frijoles colorados cocidos Tom Food,Lata,Conservas,Vegetales y legumbres,1750,published,,,IMG_20261009_165935.jpg
fairhill-maiz,Maíz dulce Fairhill Farms,Whole Kernel · Lata de 432 g,Conservas,Vegetales y legumbres,1800,published,,,IMG_20261009_165935.jpg
fairhill-vegetales,Vegetales mixtos Fairhill Farms,Mixed Vegetables · Lata de 425 g,Conservas,Vegetales y legumbres,1450,published,,,IMG_20261009_165940.jpg
fairhill-frutas,Cóctel de frutas Fairhill Farms,En jugo de fruta · Lata de 425 g,Conservas,Frutas,2300,published,,,IMG_20261009_165940.jpg
delcampo-colorados,Frijoles colorados Del Campo,Bolsa de 1 lb,Alimentos,Granos,1600,published,,,IMG_20261009_165949.jpg
energy-negros,Frijoles negros Energy,Bolsa de 1 kg,Alimentos,Granos,1300,published,,,IMG_20261009_165949.jpg | IMG_20261009_165953.jpg
happyone-adulto,Alimento para perros HappyOne Adulto,Con pollo · Bolsa de 4 kg,Mascotas,Perros,18700,published,,,IMG_20261009_171622.jpg | IMG_20261009_171633.jpg
coca-cola-355,Coca-Cola Original,Lata de 355 mL,Bebidas,Refrescos,1200,published,,,IMG_20261009_165625.jpg | IMG_20261009_170122_1.jpg
koffio-vainilla,Café con leche Koffo Vanilla,Lata · Vainilla,Bebidas,Café y preparados,500,published,,,IMG_20261009_165627_1.jpg
pepsi-lata,Pepsi,Lata,Bebidas,Refrescos,1150,published,,,IMG_20261009_165627_1.jpg
tigon-energy,Tigon Energy Drink,Lata,Bebidas,Energéticas,1000,published,,,IMG_20261009_165627_1.jpg
kurtz-mayonesa,Mayonesa Kurtz Real,Frasco de 887 mL,Alimentos,Salsas y aderezos,5000,published,,,IMG_20261009_165856_1.jpg
hollandpark-mayonesa,Mayonesa HollandPark,Frasco,Alimentos,Salsas y aderezos,3000,published,,,IMG_20261009_165856_1.jpg
ayala-mayonesa,Mayonesa Ayala Tradicional,Frasco · Sabor tradicional,Alimentos,Salsas y aderezos,2650,published,,,IMG_20261009_165853_1.jpg
jolyni-spaghetti,Espaguetis Jolyni,Bolsa de 450 g,Alimentos,Pastas,600,published,,,IMG_20261009_165642_1.jpg | IMG_20261009_165656.jpg
primo-linguine,Linguine Primo,Bolsa de 900 g,Alimentos,Pastas,1050,published,,,IMG_20261009_165705_1.jpg | IMG_20261009_165714.jpg
italpasta-pennine,Pennine Rigate Italpasta,Bolsa de 900 g,Alimentos,Pastas,1050,published,,,IMG_20261009_165741.jpg | IMG_20261009_165743_1.jpg
socheezy-macaroni,Macarrones con queso So Cheezy,Original · Caja de 206 g,Alimentos,Pastas,1050,published,,,IMG_20261009_165824_1.jpg
aldaketa-mostaza,Mostaza Aldaketa,Botella,Alimentos,Salsas y aderezos,1500,published,,,IMG_20261009_165830.jpg
azotea-mostaza,Mostaza Azotea Original,Botella,Alimentos,Salsas y aderezos,2000,published,,,IMG_20261009_165830.jpg
kurtz-mostaza,Mostaza Kurtz Yellow,Botella de 567 g,Alimentos,Salsas y aderezos,1400,published,,,IMG_20261009_165830.jpg
vima-mostaza,Mostaza Vima,Botella de 1.850 g,Alimentos,Salsas y aderezos,4300,published,,,IMG_20261009_165830.jpg
kurtz-italian,Aderezo Kurtz Zesty Italian,Botella,Alimentos,Salsas y aderezos,2300,published,,,IMG_20261009_165834.jpg
bullseye-original,Salsa BBQ Bull’s-Eye Everyday,Original · Botella de 507 g,Alimentos,Salsas y aderezos,6000,published,,,IMG_20261009_165834.jpg
burmans-spicybrown,Mostaza Burman’s Spicy Brown,Botella de 340 g,Alimentos,Salsas y aderezos,2200,published,,,IMG_20261009_165834.jpg
jade-soya,Salsa de soya Jade Dragon,Botella de 356 mL,Alimentos,Salsas y aderezos,2200,published,,,IMG_20261009_165846.jpg
sakura-soya,Salsa de soya Sakura Tradicional,Botella de 500 mL,Alimentos,Salsas y aderezos,1000,published,,,IMG_20261009_165846.jpg
castelo-italiano,Aderezo Castelo Italiano,Botella de 236 mL,Alimentos,Salsas y aderezos,700,published,,,IMG_20261009_165840.jpg
countrybarn-french,Aderezo Country Barn French,Botella de 473 mL,Alimentos,Salsas y aderezos,1750,published,,,IMG_20261009_165840.jpg
burmans-dill-mayo,Aderezo de mayonesa Burman’s Dill,Botella de 354 mL,Alimentos,Salsas y aderezos,5500,published,,,IMG_20261009_165851.jpg
friend-brava,Salsa Brava Friend Cook,Botella de 330 mL,Alimentos,Salsas y aderezos,1800,published,,,IMG_20261009_165851.jpg
friend-barbacoa,Salsa Barbacoa Friend Cook,Grill Texas BBQ · Botella de 330 mL,Alimentos,Salsas y aderezos,2000,published,,,IMG_20261009_165851.jpg
trader-truffle-aioli,Alioli de trufa Trader Joe’s,Vegan · Frasco de 285 g,Alimentos,Salsas y aderezos,7000,published,,,IMG_20261009_165853_1.jpg
kurtz-relish,Kurtz Sweet Relish,Frasco de 473 mL,Conservas,Salsas y encurtidos,1550,published,,,IMG_20261009_165853_1.jpg
huerta-alcaparras,Alcaparras La Huerta de al Lado,En vinagre · Frasco,Conservas,Salsas y encurtidos,1600,published,,,IMG_20261009_165902.jpg | IMG_20261009_165910.jpg
lasota-alcaparras,Alcaparras La Sota,Contenido neto 100 g · Escurrido 60 g,Conservas,Salsas y encurtidos,1600,published,,,IMG_20261009_165902.jpg | IMG_20261009_165910.jpg
gain-flings-pequeno,Gain Flings Original 213 g,,Aseo,,,not-published,,Dos paquetes similares junto a 5.000 y 7.000 CUP; falta distinguir presentación o precio.,IMG_20261009_164942_1.jpg
snickers,Chocolate Snickers,,Alimentos,,,not-published,,Sin cartel propio legible.,IMG_20261009_164921.jpg
mms,M&M's,,Alimentos,,,not-published,,Sin cartel propio legible; falta presentación.,IMG_20261009_164918_1.jpg
downy-cool-cotton,Suavizante Downy Sport,Envase individual,Aseo,,5000,published,verified-photo,,IMG_20261009_164949_1.jpg
tide-simply,Tide Simply All in One 306 mL,Envase individual,Aseo,,5000,published,verified-photo,,IMG_20261009_164949_1.jpg
gain-ultra-oxi,Gain Ultra Oxi 306 mL,Envase individual,Aseo,,5000,published,verified-photo,,IMG_20261009_164949_1.jpg
tide-free-gentle,Tide Free & Gentle 237 mL,Envase individual,Aseo,,5000,published,verified-photo,,IMG_20261009_164949_1.jpg
tide-downy,Tide Ultra Downy,Envase individual,Aseo,,5000,published,verified-photo,,IMG_20261009_164949_1.jpg
magali-coco,Gel de baño Magali Coco,Unidad individual,Aseo,,2300,published,verified-photo,,IMG_20261009_164957_1.jpg
snonas-splash,Colonia S'nonas Splash 750 mL,Unidad individual,Aseo,,3300,published,verified-photo,,IMG_20261009_164957_1.jpg
terrifik,Ambientador para lavavajillas Terrifik,,Aseo,,,not-published,,No se ve precio propio.,IMG_20261009_165004.jpg
homebright-verde,Perlas aromáticas Homebright Moonlight Fresh,Moonlight Fresh · Perlas aromáticas para lavandería,Aseo,Lavandería,4400,published,direct,Peso pendiente,IMG_20261009_165026_1.jpg | IMG_20261009_165030_1.jpg
homebright-morado,Perlas aromáticas Homebright Lavender Vanilla,Envase morado,Aseo,Lavandería,4400,published,verified-photo,,IMG_20261009_165026_1.jpg | IMG_20261009_165030_1.jpg
glade,Ambientador Glade,Ambientador en aerosol,Aseo,,6000,published,verified-photo,,IMG_20261009_165026_1.jpg
palmolive,Gel de baño Palmolive Oliva Verde,,Aseo,,,not-published,,No se ve precio propio ni volumen.,IMG_20261009_165026_1.jpg
la-salud,Productos de limpieza La Salud,,Aseo,,,not-published,,Se ven varias presentaciones y carteles; faltan frentes completos para asignar precios.,IMG_20261009_165016_1.jpg
salud-antical-gel,Gel antical La Salud,,Aseo,,,not-published,,Sin precio propio visible.,IMG_20261009_165036.jpg
salud-banos-pino,Limpiador antical La Salud 2 en 1,Baños y duchas · Botella con pulverizador,Aseo,,4000,duplicate,verified-photo,Misma presentación ya identificada con salud-antical-spray,IMG_20261009_165039_1.jpg
ultra-deluxe-floral,Lavavajillas Ultra Deluxe Floral,Unidad individual,Aseo,,3400,published,verified-photo,,IMG_20261009_165045.jpg
ultra-deluxe-citrus,Lavavajillas Ultra Deluxe Citrus,,Aseo,,,not-published,,Precio compartido con Floral; confirmar aplicación y cifra.,IMG_20261009_165045.jpg
dawn-watermelon,Dawn Powerwash Summer Watermelon,Unidad individual,Aseo,,21500,published,verified-photo,,IMG_20261009_165050_1.jpg
dawn-tropical,Dawn Powerwash Tropical Blend,Unidad individual,Aseo,,21500,published,verified-photo,,IMG_20261009_165050_1.jpg
actoner-mint,Enjuague bucal Actoner Mint Explosion 500 mL,,Aseo,,,not-published,,Primera cifra del cartel inferior plegada; solo se ve terminación 000.,IMG_20261009_165106_1.jpg
great-value-inodoro,Pastillas limpiadoras Great Value,Paquete de cuatro unidades,Aseo,,3500,published,verified-photo,,IMG_20261009_165114.jpg
homebright-bleach,Pastillas Homebright Bleach 20 unidades,Unidad individual,Aseo,,7000,published,verified-photo,,IMG_20261009_165120.jpg
bastoncillos-pequenos,Bastoncillos de algodón envase pequeño,Envase pequeño,Aseo,,700,not-published,verified-photo,La etiqueta de 700 CUP corresponde al envase grande ya publicado. Confirmar precio del envase pequeño.,IMG_20261009_165123_1.jpg
basura-gato,Bolsas de basura con diseño de gato,Rollo,Aseo,,2500,published,verified-photo,,IMG_20261009_165148.jpg
speed-stick-irish,Speed Stick Irish Spring 51 g,Unidad individual,Aseo,,3500,published,verified-photo,,IMG_20261009_165157.jpg
lady-speed-stick,Lady Speed Stick Invisible Dry,Desodorante en barra,Aseo,,3500,published,verified-photo,,IMG_20261009_165157.jpg
suave-tropical,Suave Tropical Citrus 28 g,Unidad individual,Aseo,,3500,published,verified-photo,,IMG_20261009_165157.jpg
alident-kids,Pasta dental Alident Kids 100 g,,Aseo,,,not-published,,Cartel 1.500 situado delante de Astera; confirmar aplicación a Alident.,IMG_20261009_165203.jpg
zuecos,Zuecos perforados,,Accesorios,,,not-published,,"Confirmar par, modelo y tallas; varias unidades embolsadas.",IMG_20261009_165211.jpg
panuelos,Pañuelos o servilletas blancas,,Aseo,,,not-published,,Precio diferente entre tomas; confirmar tipo y cantidad.,IMG_20261009_165219.jpg
magali-dermo,Jabón de manos Magali Dermo,Jabón líquido de manos · Envase individual,Aseo,,1800,published,verified-photo,,IMG_20261009_165227.jpg
magali-ambar,"Jabón de manos Magali, variante ámbar",,Aseo,,,not-published,,Confirmar variante y precio propio.,IMG_20261009_165227.jpg
magali-frutos-rojos,Jabón de manos Magali Frutos Rojos,Jabón líquido de manos · Envase individual,Aseo,,1800,published,verified-photo,,IMG_20261009_165227.jpg
multi-surface-wipes,Toallitas Multi Surface Peppermint Sage,,Aseo,,,not-published,,Sin precio propio visible; bote de 30 toallitas.,IMG_20261009_165227.jpg
homebright-wipes,Toallitas Homebright,,Aseo,,,not-published,,Sin precio propio visible.,IMG_20261009_165227.jpg
viking-active,Espuma Viking Active,Unidad individual,Aseo,,4000,published,verified-photo,,IMG_20261009_165236.jpg
tango-rojo,"Espuma Tango, envase rojo",Espuma de afeitar · Envase individual,Aseo,,1200,not-published,verified-photo,Confirmar variante roja de Tango y su precio propio; no confundir con Personal Care Shave Cream.,IMG_20261009_165236.jpg
tango-azul,"Espuma Tango, envase azul",Espuma de afeitar · Envase individual,Aseo,,1200,published,verified-photo,,IMG_20261009_165242.jpg
crest-scope-drops,Crest Scope Breath Drops,,Aseo,,,not-published,,Etiqueta cercana a crema de afeitar; confirmar precio del blíster.,IMG_20261009_165236.jpg
luv-citrus,Crema de manos LuvFresh Citrus Blast,Blíster individual,Aseo,,5500,published,verified-photo,,IMG_20261009_165247.jpg
nevada-papaya,Mascarilla Nevada Papaya,Unidad individual,Aseo,,1000,published,verified-photo,,IMG_20261009_165303.jpg
esponjas,Esponjas multiuso,,Aseo,,,not-published,,Presentación parcialmente oculta; confirmar precio y unidades.,IMG_20261009_165303.jpg
rollos-hogar,Rollos rosados y lilas para el hogar,,Accesorios,,,not-published,,Confirmar tipo de producto y medidas.,IMG_20261009_165309.jpg
acolchado-beige,Artículo acolchado beige,,Accesorios,,,not-published,,Confirmar tipo de producto y medidas.,IMG_20261009_165313.jpg
sandalias,Sandalias de mujer,,Accesorios,,,not-published,,"Etiqueta y unidad ambiguas; confirmar precio, modelo y tallas.",IMG_20261009_165321.jpg
goraw-sunflower,Go Raw Sunflower Seeds Sea Salt,Sobre individual · Sea Salt,Frutos secos,,250,published,verified-photo,,IMG_20261009_165328.jpg
goraw-pumpkin,Go Raw Pumpkin Seeds Sea Salt,Sobre individual · Sea Salt,Frutos secos,,250,published,verified-photo,,IMG_20261009_165328.jpg
aldi-sharks,ALDI Gummy Sharks Blue Raspberry,Unidad individual,Alimentos,,3500,published,verified-photo,,IMG_20261009_165333.jpg
sour-punch-verde,"Sour Punch, bolsa verde",,Alimentos,,,not-published,,Variante parcialmente oculta y sin precio propio.,IMG_20261009_165333.jpg
sonic-pudding,Pudín Sonic Vanilla Shake,Unidad individual,Alimentos,,3500,published,verified-photo,,IMG_20261009_165341.jpg
boom-uva,Gelatina Boom Uva,Unidad individual,Alimentos,,1550,published,verified-photo,,IMG_20261009_165345.jpg
macrofood-naranja,Gelatina Macro Food Naranja,Unidad individual,Alimentos,,1280,published,verified-photo,,IMG_20261009_165347.jpg
oli-uva,Gelatina Oli Uva,Unidad individual,Alimentos,,530,published,verified-photo,,IMG_20261009_165353.jpg
oli-lemon,Gelatina Oli Lemon,Unidad individual,Alimentos,,530,published,verified-photo,,IMG_20261009_165353.jpg
oli-tutti,Gelatina Oli Tutti Frutti,Unidad individual,Alimentos,,530,published,verified-photo,,IMG_20261009_165353.jpg
granola-amarilla,Granola de bolsa amarilla,,Alimentos,,,not-published,,Envase parcialmente oculto y sin precio propio.,IMG_20261009_165401.jpg
southern-dry-blue,Southern Grove Dry Roasted Peanuts Sea Salt,Maní tostado con sal marina · Frasco,Frutos secos,,6500,published,verified-photo,,IMG_20261009_165407.jpg
southern-dry-original,Southern Grove Dry Roasted Peanuts Original,,Frutos secos,,,not-published,,Confirmar precio propio del frasco con tapa roja.,IMG_20261009_165407.jpg
gv-caramel-mix,Great Value Caramel Mountain Trail Mix,,Frutos secos,,,not-published,,Sin precio propio visible.,IMG_20261009_165423.jpg
gv-honey-mix,Great Value Nut & Honey Trail Mix,,Frutos secos,,,not-published,,Sin precio propio visible.,IMG_20261009_165423.jpg
gv-omega-mix,Great Value Omega-3 Trail Mix,,Frutos secos,,,not-published,,Sin precio propio visible.,IMG_20261009_165423.jpg
wonderful-pistachios-680,Pistachos Wonderful Roasted & Salted 680 g,,Frutos secos,,,not-published,,Precio junto a otra presentación; confirmar precio de bolsa 24 oz.,IMG_20261009_165430.jpg
wonderful-vinegar,Pistachos Wonderful Sea Salt & Vinegar,Sin cáscara · Bolsa de 311 g,Frutos secos,Pistachos,18000,published,direct,,IMG_20261009_165430.jpg | IMG_20261009_165436.jpg
sonatural-pesto,Pesto So Natural Basil,,Conservas,,,not-published,,Etiqueta de precio bajo Trader Joe’s; confirmar precio propio.,IMG_20261009_165916.jpg
vima-rellenas,Aceitunas verdes rellenas de pimiento Vima,Unidad individual,Conservas,,13000,published,verified-photo,,IMG_20261009_165924.jpg
vima-frutas,Cóctel de frutas Vima,,Conservas,,,not-published,,Etiqueta bajo Fairhill; confirmar precio propio de Vima425g.,IMG_20261009_165940.jpg
delcampo-negros,Frijoles negros Del Campo,Bolsa de1lb · Frijoles negros secos,Alimentos,Granos,1600,published,direct,Variante distinta de los colorados publicados,IMG_20261009_170003.jpg | IMG_20261009_165949.jpg
delcampo-garbanzos,Garbanzos Del Campo,,Alimentos,,,not-published,,No hay precio propio visible; bolsa1lb.,IMG_20261009_165959.jpg
delcampo-lentejas,Lentejas Del Campo,Bolsa · Lentejas secas,Alimentos,Granos,1400,published,direct,Peso pendiente,IMG_20261009_165959.jpg | IMG_20261009_165501.jpg
arroz-alfinete,Arroz blanco Alfinete,Grano largo fino · Bolsa de 1 kg,Alimentos,Granos,1300,published,direct,,IMG_20261009_170008.jpg | IMG_20261009_170010.jpg
arroz-torre,Arroz Torre de la Vega,,Alimentos,,,not-published,,Bolsa en estante inferior; confirmar presentación y precio propios.,IMG_20261009_165956.jpg
italpasta-fettuccine,Fettuccine Italpasta 900 g,,Alimentos,,,not-published,,Foto en mano sin precio propio; no asignar precio de Pennine ni Primo.,IMG_20261009_165703.jpg
kenko-bbq-mel,Salsa Barbecue Kenko Mel 370 g,Unidad individual,Alimentos,,4200,published,verified-photo,,IMG_20261009_165834.jpg
kenko-bbq-americano,Salsa Barbecue Kenko Americano 370 g,Unidad individual,Alimentos,,4200,published,verified-photo,,IMG_20261009_165834.jpg
aldaketa-ketchup,Ketchup Aldaketa 300 mL,,Alimentos,,,not-published,,No tiene etiqueta propia visible.,IMG_20261009_165834.jpg
burmans-sweetheat,Mostaza Burman’s Sweet & Heat 340 g,,Alimentos,,,not-published,,Precio2200 está debajo de Spicy Brown; no extenderlo a Sweet&Heat.,IMG_20261009_165834.jpg
burmans-dill-mustard,Mostaza Burman’s Dill Pickle 340 g,,Alimentos,,,not-published,,Etiqueta propia fuera de encuadre;1500 pertenece a Aldaketa.,IMG_20261009_165830.jpg
burmans-spicy-mayo,Mayonesa Burman’s Spicy 354 mL,Unidad individual,Alimentos,,5500,published,verified-photo,,IMG_20261009_165851.jpg
southern-dry-roasted,Maní Southern Grove Dry Roasted,Frasco con tapa azul,Frutos secos,Maní,,not-published,missing,Precio y peso pendientes,IMG_20261009_165556.jpg | IMG_20261009_165547_1.jpg | IMG_20261009_165551_1.jpg
kirkland-salted-mixed,Kirkland Extra Fancy Salted Mixed Nuts,Bolsa,Frutos secos,Mezclas,28000,published,verified-photo,,IMG_20261009_165602.jpg
kirkland-unsalted-mixed,Kirkland Unsalted Mixed Nuts,Bolsa,Frutos secos,Mezclas,23000,published,verified-photo,,IMG_20261009_165602.jpg
kirkland-keto-mix,Kirkland Keto Snack Mix,Bolsa,Frutos secos,Mezclas,22000,published,verified-photo,,IMG_20261009_165602.jpg | IMG_20261009_165604_1.jpg
biena-edamame,Biena Edamame Himalayan Pink Salt,Bolsa,Frutos secos,Semillas y legumbres,12800,published,verified-photo,,IMG_20261009_165604_1.jpg | IMG_20261009_165602.jpg
pockets-almonds,Pocket's Chocolates Greek Yogurt & Dark Chocolate Coated Almonds,Bolsa de 30 paquetes individuales,Frutos secos,Cubiertos de chocolate,20500,published,verified-photo,,IMG_20261009_165604_1.jpg
monster-viking,Monster Juice Viking Berry,Lata individual,Bebidas,Energéticas,3000,published,verified-photo,,IMG_20261009_165615.jpg
monster-pacific,Monster Juice Pacific Punch,Lata individual,Bebidas,Energéticas,3000,published,verified-photo,,IMG_20261009_165615.jpg
fattoria-guayaba,Néctar de guayaba Fattorie Crisci,Botella de vidrio,Bebidas,Jugos y néctares,660,published,verified-photo,,IMG_20261009_165615.jpg
cristal-botella,Cerveza Cristal,Botella de vidrio,Bebidas,Cervezas,1050,published,verified-photo,,IMG_20261009_165618.jpg
unlaguer-330,Cerveza Unlaguer,Lata,Bebidas,Cervezas,620,published,verified-photo,,IMG_20261009_165622.jpg | IMG_20261009_170138.jpg
arroz-blanco-bolsa,Arroz blanco en bolsa,Bolsa transparente,Alimentos,Arroz,1000,published,verified-photo,,IMG_20261009_170014.jpg | IMG_20261009_170008.jpg
trigo-bolsa-1kg,Harina de trigo,Bolsa de1kg,Alimentos,Harinas,2100,published,verified-photo,,IMG_20261009_170022.jpg
trigo-gloria,Harina de trigo Grécia,Bolsa,Alimentos,Harinas,1300,published,verified-photo,,IMG_20261009_170022.jpg
maicena-450,Maicena almidón de maíz,Bolsa450g,Alimentos,Harinas,3000,published,verified-photo,,IMG_20261009_170022.jpg
chefscupboard-buterry,Puré de papas Chef's Cupboard Buttery,Bolsa,Alimentos,Preparados,1800,published,verified-photo,,IMG_20261009_170025.jpg | IMG_20261009_170027.jpg
cookies-bulk,Galletas redondas en bolsa,Bolsa transparente,Alimentos,Galletas,1500,not-published,direct,Confirmar contenido/peso de cada bolsa de galletas sin etiqueta.,IMG_20261009_170032.jpg | IMG_20261009_170014.jpg
savvyfare-rice,Arroz Savvy Fare Roasted Chicken,Bolsa individual,Alimentos,Preparados,2700,published,verified-photo,,IMG_20261009_170038.jpg | IMG_20261009_170041.jpg
spanish-rice,Arroz Spanish Style Rice,Bolsa individual,Alimentos,Preparados,2700,published,verified-photo,,IMG_20261009_170038.jpg | IMG_20261009_170041.jpg
timeowise-rice,Arroz Time O'Wise Dirty Rice,Bolsa individual,Alimentos,Preparados,2700,published,verified-photo,,IMG_20261009_170038.jpg | IMG_20261009_170041.jpg
santa-lasagna,Pasta Santa Lasagna,Caja,Alimentos,Pastas,800,published,verified-photo,,IMG_20261009_170038.jpg | IMG_20261009_170041.jpg
marchi-salt,Sal yodada March,Envase cilíndrico,Alimentos,Sal y azúcar,1800,published,verified-photo,,IMG_20261009_170045.jpg | IMG_20261009_170038.jpg
white-bulk,Producto blanco en bolsa sin marca,Bolsa transparente,Alimentos,Sal y azúcar,800,not-published,direct,Identificar el alimento y confirmar contenido por bolsa; el polvo blanco no se puede identificar por la foto.,IMG_20261009_170047.jpg | IMG_20261009_170045.jpg
torre-pink-salt,Sal rosada Torre de la Vega,Sal de los Andes,Alimentos,Sal y azúcar,1700,published,verified-photo,,IMG_20261009_170051.jpg | IMG_20261009_170054.jpg
sal-fina-azul,Sal fina en bolsa azul,Bolsa,Alimentos,Sal y azúcar,,not-published,missing,Marca y precio pendientes,IMG_20261009_170054.jpg
taoro-guayaba,Néctar Taoro Guayaba,Lata,Bebidas,Jugos y néctares,680,published,verified-photo,,IMG_20261009_170105_1.jpg
monster-pipeline,Monster Pipeline Punch,Lata individual,Bebidas,Energéticas,3000,published,verified-photo,,IMG_20261009_170108.jpg
monster-mango,Monster Mango Loco,Lata individual,Bebidas,Energéticas,3000,published,verified-photo,,IMG_20261009_170108.jpg
monster-tropical,Monster Ultra Tropical Punch,Lata individual,Bebidas,Energéticas,3000,published,verified-photo,,IMG_20261009_170108.jpg
tropigusto-mango,Tropi Gusto Mango,Lata,Bebidas,Jugos y néctares,,not-published,conflict,Comparar tamaños y confirmar precio vigente,IMG_20261009_170110_1.jpg | IMG_20261009_170140.jpg
tropigusto-pineapple,Tropi Gusto Pineapple,Lata; piña,Bebidas,Jugos y néctares,,not-published,shared,Confirmar tamaño y precio propio,IMG_20261009_170110_1.jpg
tropigusto-banana,Tropi Gusto Banana,Lata,Bebidas,Jugos y néctares,,not-published,conflict,Comparar tamaños y confirmar precio vigente,IMG_20261009_170110_1.jpg | IMG_20261009_170140.jpg
tropigusto-peach,Tropi Gusto Peach,Lata; durazno,Bebidas,Jugos y néctares,,not-published,shared,Confirmar tamaño y precio propio,IMG_20261009_170110_1.jpg
bahamas-juice,Jugos Bahamas en caja,Cajas con pitillo,Bebidas,Jugos y néctares,,not-published,shared,Separar sabores y volumen con lectura de etiqueta,IMG_20261009_170114.jpg
bali-juice,Jugos Bali en caja,Cajas con pitillo,Bebidas,Jugos y néctares,,not-published,shared,Separar sabores y volumen con lectura de etiqueta,IMG_20261009_170114.jpg
water-whitecap,Agua embotellada sin marca legible,Botellas transparentes,Bebidas,Agua,,not-published,ambiguous,Carteles sin asociación clara; no fijar precio,IMG_20261009_170117.jpg
boom-cola,Refresco Max Boom Boom Cola,Lata individual,Bebidas,Refrescos,750,published,verified-photo,,IMG_20261009_170126.jpg
boom-lime,Refresco Max Boom Boom Lima-Limón,Lata individual,Bebidas,Refrescos,750,published,verified-photo,,IMG_20261009_170126.jpg
sunny-tamarind,Néctar Sunny de tamarindo,Lata; tamarindo,Bebidas,Jugos y néctares,900,published,verified-photo,,IMG_20261009_170128.jpg
water-blue,Agua embotellada de etiqueta azul,Botella,Bebidas,Agua,350,not-published,direct,Confirmar marca y volumen de la botella antes de distinguirla del agua de tapa blanca.,IMG_20261009_170131.jpg
shani,Refresco Shani,Lata roja,Bebidas,Refrescos,780,published,verified-photo,,IMG_20261009_170152.jpg
sunny-peach,Néctar Sunny Peach,Lata; durazno,Bebidas,Jugos y néctares,,not-published,missing,No heredar precio de tamarindo,IMG_20261009_170157.jpg
members-lemonpepper,Condimento Member's Mark Lemon Pepper,Member’s Mark · Frasco de 878 g,Alimentos,Condimentos,14000,published,verified-photo,,IMG_20261009_170211.jpg
mccormick-montrealsteak,McCormick Grill Mates Montreal Steak,Frasco grande,Alimentos,Condimentos,14000,not-published,direct,La etiqueta 14000 está bajo Montreal Chicken; falta precio propio de Montreal Steak.,IMG_20261009_170211.jpg
mccormick-montrealchicken,Sazonador McCormick Montreal Chicken,Grill Mates · Frasco de 652 g,Alimentos,Condimentos,14000,published,direct,,IMG_20261009_170211.jpg | IMG_20261009_170241.jpg
members-redpepper,Pimiento rojo triturado Wellsley Farms,Crushed Red Pepper · Frasco de 383 g,Alimentos,Condimentos,6700,published,verified-photo,,IMG_20261009_170211.jpg | IMG_20261009_170241.jpg
members-thyme,Tomillo en hojas Wellsley Farms,Whole Thyme Leaves · Frasco de 181 g,Alimentos,Condimentos,5500,published,verified-photo,,IMG_20261009_170211.jpg | IMG_20261009_170241.jpg
kitano-basil,Albahaca en hojas MasterChef,Manjericão em folha · Frasco de 200 g,Alimentos,Condimentos,4680,published,verified-photo,,IMG_20261009_170211.jpg | IMG_20261009_170241.jpg
amanhecer-whitepepper,Pimienta blanca molida Amanhecer,Pimenta branca moída · Frasco,Alimentos,Condimentos,1450,published,direct,,IMG_20261009_170217.jpg
amanhecer-turmeric,Azafrán de las Indias molido Amanhecer,Frasco individual,Alimentos,Condimentos,1450,published,verified-photo,,IMG_20261009_170217.jpg
amanhecer-clove,Clavo Amanhecer,Frasco individual,Alimentos,Condimentos,1450,published,verified-photo,,IMG_20261009_170217.jpg
homebrothers-bbq,Home Brothers KC Style BBQ Rub,Frasco92g,Alimentos,Condimentos,,not-published,missing,No heredar1450,IMG_20261009_170217.jpg
heavenly-garlic,Ajo en polvo Heavenly Spices,Frasco70g,Alimentos,Condimentos,2100,published,verified-photo,,IMG_20261009_170217.jpg
kingsford-lemon,Kingsford Lemon Pepper,Frasco,Alimentos,Condimentos,,not-published,missing,Precio propio no visible,IMG_20261009_170217.jpg | IMG_20261009_170254.jpg | IMG_20261009_170257.jpg
badia-oregano,Orégano Badia,Frasco individual,Alimentos,Condimentos,1450,published,verified-photo,,IMG_20261009_170217.jpg | IMG_20261009_170254.jpg | IMG_20261009_170257.jpg
amanhecer-parsley,Salsa em Folha Amanhecer,Frasco individual,Alimentos,Condimentos,1450,published,verified-photo,,IMG_20261009_170217.jpg | IMG_20261009_170254.jpg | IMG_20261009_170257.jpg
carmencita-marisco,Molinillo Carmencita Marisco,Molinillo individual,Alimentos,Condimentos,3100,published,verified-photo,,IMG_20261009_170217.jpg | IMG_20261009_170254.jpg | IMG_20261009_170257.jpg
carmencita-bbq,Molinillo Carmencita Barbacoa,Molinillo individual,Alimentos,Condimentos,3100,published,verified-photo,,IMG_20261009_170217.jpg | IMG_20261009_170254.jpg | IMG_20261009_170257.jpg
carmencita-picante,Molinillo Carmencita Picante,Molinillo individual,Alimentos,Condimentos,3100,published,verified-photo,,IMG_20261009_170217.jpg | IMG_20261009_170254.jpg | IMG_20261009_170257.jpg
carmencita-pollo,Molinillo Carmencita Pollo,Molinillo individual,Alimentos,Condimentos,3100,published,verified-photo,,IMG_20261009_170217.jpg | IMG_20261009_170254.jpg | IMG_20261009_170257.jpg
davia-passata,Passata de tomate Davia Gragnano,Botella de 680 g,Conservas,Tomate,2500,published,direct,,IMG_20261009_170221.jpg | IMG_20261009_170234.jpg
tomate-triturado,Tomate triturado en lata,Lata,Conservas,Tomate,4500,published,verified-photo,,IMG_20261009_170222_1.jpg
ourhouse-tomato,Pasta de tomate Our House,"Tomato Paste · Lata de 3,15 kg",Conservas,Tomate,5000,published,direct,,IMG_20261009_170225_1.jpg | IMG_20261009_170222_1.jpg
tagliamonte-pomodoro,Tomates pelados enteros Tagliamonte,Lata · Pomodori Pelati Interi,Conservas,Tomate,1650,published,direct,,IMG_20261009_170228.jpg
prego-traditional,Salsa de tomate Prego Traditional,"Value Size · Frasco de 1,9 kg",Conservas,Tomate,6000,published,direct,,IMG_20261009_170234.jpg | IMG_20261009_170221.jpg
ragu-garlic,Salsa Ragu Roasted Garlic Parmesan,Frasco,Alimentos,Salsas para pasta,6500,published,verified-photo,,IMG_20261009_170232.jpg | IMG_20261009_170234.jpg
mantias-parmesan,Queso parmesano Mantia's,Envase con tapa verde,Lácteos,Quesos,4900,published,verified-photo,,IMG_20261009_170232.jpg
gv-cheddar-wow,Great Value Cheese Wow! Cheddar,Queso en aerosol · Envase individual,Lácteos,Quesos,3000,published,verified-photo,,IMG_20261009_170232.jpg
gv-american-wow,Great Value Cheese Wow! American,Queso en aerosol · Envase individual,Lácteos,Quesos,3000,published,verified-photo,,IMG_20261009_170232.jpg
gv-extrasharp-wow,Great Value Cheese Wow! Extra Sharp Cheddar,Queso en aerosol · Envase individual,Lácteos,Quesos,3000,published,verified-photo,,IMG_20261009_170232.jpg
offley-white,Vino de Oporto Offley White,Botella,Bebidas,Vinos,6000,published,verified-photo,,IMG_20261009_170954_1.jpg
gatonegro-white,Vino Gato Negro blanco,Botella,Bebidas,Vinos,4000,published,verified-photo,,IMG_20261009_171001_1.jpg
havana-ritual,Ron Havana Club Ritual Cubano,Botella70cl visible,Bebidas,Ron,5800,published,verified-photo,,IMG_20261009_171010.jpg | IMG_20261009_171013.jpg | IMG_20261009_171400.jpg | IMG_20261009_171356.jpg
havana-especial,Ron Havana Club Añejo Especial,Botella,Bebidas,Ron,5900,published,verified-photo,,IMG_20261009_171010.jpg | IMG_20261009_171013.jpg | IMG_20261009_171405.jpg | IMG_20261009_171356.jpg
suau-15,Brandy Suau15,Reserva15,Bebidas,Brandy,15000,published,verified-photo,,IMG_20261009_171010.jpg
suau-8,Brandy Suau8,Reserva8,Bebidas,Brandy,8000,published,verified-photo,,IMG_20261009_171010.jpg
havana-reserva,Ron Havana Club Añejo Reserva,Botella,Bebidas,Ron,8500,published,verified-photo,,IMG_20261009_171016.jpg | IMG_20261009_171405.jpg | IMG_20261009_171356.jpg
planta-santa,Mezcal Planta Santa Reposado,700mL38%,Bebidas,Mezcal,13000,published,verified-photo,,IMG_20261009_171027.jpg | IMG_20261009_171321.jpg
gordons,Ginebra Gordon's London Dry,Botella,Bebidas,Ginebra,9000,published,verified-photo,,IMG_20261009_171027.jpg
jodhpur-reserve,Ginebra Jodhpur Reserve,Botella oscura,Bebidas,Ginebra,9000,published,verified-photo,,IMG_20261009_171027.jpg | IMG_20261009_171341.jpg
jodhpur-mandore,Ginebra Jodhpur Mandore,Botella naranja,Bebidas,Ginebra,9000,published,verified-photo,,IMG_20261009_171027.jpg | IMG_20261009_171341.jpg
jodhpur-spicy,Ginebra Jodhpur Spicy,Botella rosa,Bebidas,Ginebra,9000,published,verified-photo,,IMG_20261009_171027.jpg
santacarolina-rose,Vino Santa Carolina Reservado Rosé,Botella,Bebidas,Vinos,5000,published,verified-photo,,IMG_20261009_171031.jpg | IMG_20261009_171034.jpg | IMG_20261009_171036.jpg | IMG_20261009_171435.jpg
santacarolina-sauvignon,Vino Santa Carolina Reservado Sauvignon Blanc,Botella,Bebidas,Vinos,5000,published,verified-photo,,IMG_20261009_171031.jpg | IMG_20261009_171034.jpg | IMG_20261009_171435.jpg
celeste-verdejo,Vino Celeste Verdejo,Pago del Cielo,Bebidas,Vinos,3500,published,verified-photo,,IMG_20261009_171031.jpg | IMG_20261009_171034.jpg | IMG_20261009_171435.jpg
vinasol,Vino Viña Sol Original,Torres,Bebidas,Vinos,3500,published,verified-photo,,IMG_20261009_171031.jpg | IMG_20261009_171432.jpg
vina-esmeralda,Vino Viña Esmeralda,Botella,Bebidas,Vinos,4000,published,verified-photo,,IMG_20261009_171031.jpg
sangretoro-red,Vino Sangre de Toro tinto,Botella,Bebidas,Vinos,5000,published,verified-photo,,IMG_20261009_171034.jpg | IMG_20261009_171036.jpg | IMG_20261009_171427.jpg | IMG_20261009_171432.jpg
sangretoro-white,Vino Sangre de Toro blanco,Botella,Bebidas,Vinos,5000,published,verified-photo,,IMG_20261009_171034.jpg | IMG_20261009_171036.jpg | IMG_20261009_171432.jpg
sangretoro-rose,Vino Sangre de Toro rosado,Botella,Bebidas,Vinos,5000,published,verified-photo,,IMG_20261009_171036.jpg | IMG_20261009_171427.jpg
nestia-plantain,Chips de plátano Nestia Sea Salt,Frasco grande,Alimentos,Snacks,9100,published,verified-photo,,IMG_20261009_171154_1.jpg
wapa-chorizo,Chorizo parrillero Wapa,Paquete500g,Charcutería,Embutidos,5300,published,verified-photo,,IMG_20261009_171202_1.jpg | IMG_20261009_171215.jpg | IMG_20261009_171605_1.jpg
wapa-butifarra,Butifarra Wapa,Paquete500g,Charcutería,Embutidos,5540,published,verified-photo,,IMG_20261009_171202_1.jpg | IMG_20261009_171605_1.jpg
morcilla,Morcilla congelada,Porciones al vacío,Alimentos,Embutidos,,not-published,missing,Marca peso y precio pendientes,IMG_20261009_171207.jpg | IMG_20261009_171212.jpg
bratwurst-cerdo,Bratwurst de cerdo congelado,Porciones al vacío,Alimentos,Embutidos,,not-published,missing,Marca peso y precio pendientes,IMG_20261009_171207.jpg | IMG_20261009_171212.jpg
bolitas-queso,Bolitas de queso La Tabernita,Bandeja,Alimentos,Congelados,4420,published,verified-photo,,IMG_20261009_171218_1.jpg | IMG_20261009_171225.jpg | IMG_20261009_171202_1.jpg
raviolis,Raviolis congelados,Bandeja,Alimentos,Congelados,4080,published,verified-photo,,IMG_20261009_171218_1.jpg | IMG_20261009_171225.jpg
hamburguesas-cerdo,Hamburguesas de cerdo Productos del Bodegón,Bandeja,Cárnicos,Preparados,3568,published,verified-photo,,IMG_20261009_171221.jpg | IMG_20261009_171228.jpg
albondigas-cerdo,Albóndigas de cerdo Productos del Bodegón,Bandeja,Cárnicos,Preparados,4960,published,verified-photo,,IMG_20261009_171221.jpg | IMG_20261009_171228.jpg
bravo-mortadela,Mortadela Bravo Criolla,Tubo800g,Charcutería,Embutidos,5060,published,verified-photo,,IMG_20261009_171247.jpg | IMG_20261009_171605_1.jpg
bravo-jamon-york,Jamón Bravo York,Tubo800g,Charcutería,Embutidos,7015,published,verified-photo,,IMG_20261009_171605_1.jpg
bravo-jamon-barra,Jamón Bravo Barra,Pieza entera,Alimentos,Embutidos,16370,not-published,direct,Confirmar si 16370 CUP corresponde a la pieza entera o a una unidad de peso.,IMG_20261009_171251_1.jpg | IMG_20261009_171614_1.jpg | IMG_20261009_171608_1.jpg
bravo-jamon-cocido,Jamón cocido Bravo,Pieza entera,Alimentos,Embutidos,17300,not-published,direct,Confirmar si 17300 CUP corresponde a la pieza entera o a una unidad de peso.,IMG_20261009_171251_1.jpg | IMG_20261009_171612.jpg | IMG_20261009_171616_1.jpg
queso-iberico,Queso ibérico porcionado,Bolsas al vacío,Alimentos,Quesos,,not-published,ambiguous,Peso y unidad de venta pendientes; no asumir por kg,IMG_20261009_171258.jpg | IMG_20261009_171304.jpg
bravo-pasta-boca,Pasta de bocadito Bravo tradicional,Tubo,Charcutería,Embutidos,1720,published,verified-photo,,IMG_20261009_171304.jpg | IMG_20261009_171605_1.jpg | IMG_20261009_171616_1.jpg
renypicot-mantequilla,Mantequilla Reny Picot Tradicional,Tarrina,Lácteos,Lácteos,2880,published,verified-photo,,IMG_20261009_171306.jpg
president-camembert,Queso Président Petit Camembert,Caja125g,Lácteos,Quesos,4560,published,verified-photo,,IMG_20261009_171308_1.jpg
president-brie,Queso Président Petit Brie,Caja125g,Alimentos,Quesos,,not-published,missing,Cartel parcialmente tapado,IMG_20261009_171308_1.jpg
pacto-navio,Ron Pacto Navio,Botella,Bebidas,Ron,20000,published,verified-photo,,IMG_20261009_171321.jpg
carafiestas,Mezcal CaraFiestas blanco,Botella,Bebidas,Mezcal,8000,published,verified-photo,,IMG_20261009_171323_1.jpg | IMG_20261009_171321.jpg
altos-reposado,Tequila Altos Reposado,Botella,Bebidas,Tequila,13140,published,verified-photo,,IMG_20261009_171327.jpg | IMG_20261009_171323_1.jpg
olmeca-reposado,Tequila Olmeca Reposado,Botella,Bebidas,Tequila,14180,published,verified-photo,,IMG_20261009_171327.jpg
jw-doubleblack,Whisky Johnnie Walker Double Black,Botella750mL,Bebidas,Whisky,34520,published,verified-photo,,IMG_20261009_171328_1.jpg
glenlivet-founders,Whisky The Glenlivet Founder's Reserve,American Oak Selection,Bebidas,Whisky,20850,published,verified-photo,,IMG_20261009_171328_1.jpg
jw-redlabel,Whisky Johnnie Walker Red Label,Botella,Bebidas,Whisky,16000,published,verified-photo,,IMG_20261009_171331_1.jpg | IMG_20261009_171328_1.jpg
jw-bluelabel,Whisky Johnnie Walker Blue Label,Estuche y botella,Bebidas,Whisky,280000,published,verified-photo,,IMG_20261009_171331_1.jpg
jameson,Whiskey Jameson,Botella,Bebidas,Whisky,15900,published,verified-photo,,IMG_20261009_171335.jpg | IMG_20261009_171331_1.jpg
ballantines,Whisky Ballantine's Finest,Botella,Bebidas,Whisky,5270,published,verified-photo,,IMG_20261009_171335.jpg | IMG_20261009_171331_1.jpg
armageddon,Vodka Armageddon,Botella azul,Bebidas,Vodka,7600,published,verified-photo,,IMG_20261009_171339.jpg
absolut,Vodka Absolut,Botella,Bebidas,Vodka,16020,published,verified-photo,,IMG_20261009_171339.jpg
ciroc,Vodka Cîroc,Botella,Bebidas,Vodka,24600,published,verified-photo,,IMG_20261009_171339.jpg
jodhpur-londondry,Ginebra Jodhpur London Dry,Botella oscura,Bebidas,Ginebra,9000,duplicate,verified-photo,Misma presentación ya identificada con jodhpur-reserve,IMG_20261009_171341.jpg
beefeater,Ginebra Beefeater London Dry,Botella,Bebidas,Ginebra,7400,published,verified-photo,,IMG_20261009_171341.jpg
tanqueray,Ginebra Tanqueray London Dry,Botella,Bebidas,Ginebra,9900,published,verified-photo,,IMG_20261009_171345.jpg
santiago-11,Ron Santiago de Cuba11años,Botella,Bebidas,Ron,19400,published,verified-photo,,IMG_20261009_171345.jpg
santiago-12,Ron Santiago de Cuba12años,Botella,Bebidas,Ron,22500,published,verified-photo,,IMG_20261009_171345.jpg
santiago-8,Ron Santiago de Cuba8años,Botella,Bebidas,Ron,10400,published,verified-photo,,IMG_20261009_171348.jpg
santiago-blanca,Ron Santiago de Cuba Carta Blanca,Botella,Bebidas,Ron,6200,published,verified-photo,,IMG_20261009_171348.jpg | IMG_20261009_171351.jpg
santiago-anejo,Ron Santiago de Cuba Añejo,Botella,Bebidas,Ron,10600,published,verified-photo,,IMG_20261009_171351.jpg
santiago-oscura,Ron Santiago de Cuba Carta Oscura,Botella,Bebidas,Ron,9200,published,verified-photo,,IMG_20261009_171351.jpg
havana-profundo,Ron Havana Club Profundo,Botella,Bebidas,Ron,5600,published,verified-photo,,IMG_20261009_171405.jpg | IMG_20261009_171408.jpg
havana-maestros,Ron Havana Club Selección de Maestros,Botella,Bebidas,Ron,10200,published,verified-photo,,IMG_20261009_171408.jpg | IMG_20261009_171405.jpg
havana-spiced,Ron Havana Club Cuban Spiced,Botella,Bebidas,Ron,8670,published,verified-photo,,IMG_20261009_171408.jpg
havana-7,Ron Havana Club7años,Dos tamaños visibles,Bebidas,Ron,,not-published,ambiguous,Leer volúmenes y asociar precio; una fila provisional de familia no dosSKU confirmados,IMG_20261009_171408.jpg
molinari,Licor Molinari Extra,Botella,Bebidas,Licores,11500,published,verified-photo,,IMG_20261009_171438.jpg | IMG_20261009_171417.jpg
legendario,Legendario Elixir7años,Botella,Bebidas,Licores,5700,published,verified-photo,,IMG_20261009_171417.jpg
havana-3,Ron Havana Club3años Original,Botella,Bebidas,Ron,7140,published,verified-photo,,IMG_20261009_171420.jpg
jagermeister-1l,Licor Jägermeister,Botella1L,Bebidas,Licores,10900,published,verified-photo,,IMG_20261009_171423.jpg
sangretoro-special,Vino Sangre de Toro Special Selection,Botella,Bebidas,Vinos,9000,published,verified-photo,,IMG_20261009_171427.jpg
res-molida,Carne de res molida,Bandejas de peso variable,Alimentos,Carnes,,not-published,variable,"0,40kg3010CUP y0,31kg2330CUP; guardar precios por bandeja no fijar precioSKU ni inferir tarifa porkg",IMG_20261009_171446.jpg | IMG_20261009_171457.jpg | IMG_20261009_171500.jpg
bacon-slices,Bacon rebanado,Bolsas al vacío de peso variable,Alimentos,Carnes,,not-published,variable,"Precios individuales observados:0,25kg4840;0,26kg5030;0,19kg3680;0,24kg4650;0,22kg4260. No fijar precio SKU ni inferir tarifa por kg",IMG_20261009_171447_1.jpg | IMG_20261009_171506.jpg | IMG_20261009_171512.jpg | IMG_20261009_171517.jpg | IMG_20261009_171521.jpg | IMG_20261009_171529.jpg
roncari-blue,Queso Roncari Blue TGT,Queso azul de oveja100g,Lácteos,Quesos,2980,published,verified-photo,,IMG_20261009_171545_1.jpg | IMG_20261009_171556_1.jpg
valle-curado,Queso Valle de San Juan Curado,Rueda y porciones,Alimentos,Quesos,,not-published,variable,Precio por presentación pendiente; no heredar de queso azul,IMG_20261009_171545_1.jpg | IMG_20261009_171556_1.jpg
ribera-semicurado,Queso Ribera Semicurado,Rueda y porciones,Alimentos,Quesos,,not-published,variable,Marca lectura Ribera; precio/peso propios pendientes,IMG_20261009_171545_1.jpg | IMG_20261009_171556_1.jpg
valle-trufa,Queso Valle de San Juan Con Trufa,Rueda y porciones,Alimentos,Quesos,,not-published,variable,Vincular cada porción con marca y peso antes de precio,IMG_20261009_171549.jpg | IMG_20261009_171556_1.jpg
queso-azul-porcion,Queso azul porcionado,Bandejas al vacío,Alimentos,Quesos,,not-published,variable,"Marca no confirmada;0,24kg4620 y0,35kg6740 visibles; no asumir Roncari100g",IMG_20261009_171545_1.jpg | IMG_20261009_171549.jpg
queso-vacio-generico,Queso porcionado al vacío sin marca legible,Bolsas,Alimentos,Quesos,,not-published,variable,3740 visible en varias; confirmar peso y marca; no precio porkg,IMG_20261009_171552.jpg | IMG_20261009_171549.jpg
hollandmar-mozzarella,Mozzarella HollandMar,Bloque verde grande,Alimentos,Quesos,,not-published,missing,Precio peso y lectura de marca pendientes,IMG_20261009_171601_1.jpg | IMG_20261009_171605_1.jpg
cello-variety,Quesos Cello Variety Pack,Unidad individual,Lácteos,Quesos,17000,published,verified-photo,,IMG_20261009_171605_1.jpg | IMG_20261009_171601_1.jpg | IMG_20261009_171608_1.jpg
pate-bandeja,Paté en bandeja,Bandeja,Alimentos,Embutidos,2980,not-published,direct,Identificar el contenido de la bandeja; no hay etiqueta que confirme que sea paté.,IMG_20261009_171605_1.jpg
fiambre-lonchas,Fiambre en lonchas sin marca legible,Porciones al vacío,Alimentos,Embutidos,,not-published,variable,Identidad pendiente; no confundir con resmolida/bacon,IMG_20261009_171605_1.jpg | IMG_20261009_171608_1.jpg
bravo-salami,Salami Bravo,Pieza entera,Alimentos,Embutidos,,not-published,missing,Peso y precio propios pendientes,IMG_20261009_171612.jpg | IMG_20261009_171614_1.jpg
bravo-bacon-bloque,Bacon Bravo en bloque,Bloque al vacío,Alimentos,Carnes,,not-published,missing,Peso y precio propios pendientes,IMG_20261009_171612.jpg | IMG_20261009_171614_1.jpg
eltoro-mortadela,Mortadela de pollo El Toro,Pieza entera,Alimentos,Embutidos,,not-published,missing,Precio y peso fueraencuadre,IMG_20261009_171616_1.jpg | IMG_20261009_171608_1.jpg
roinat-puppy,Alimento Roinat Puppy Dogs,Bolsa8kg,Mascotas,Perros,30940,published,verified-photo,,IMG_20261009_171627.jpg
jagermeister-700,Licor Jägermeister700mL,Botella70cl,Bebidas,Licores,10900,published,verified-photo,,IMG_20261009_171423.jpg
frico-gouda,Queso Frico Gouda Mild,Cuñas en envoltorio,Alimentos,Quesos,,not-published,missing,Peso y precio propios pendientes,IMG_20261009_171304.jpg | IMG_20261009_171306.jpg
downy-fresh-perlas,Perlas de perfume Downy Fresh,Envase141g,Aseo,Lavandería,9400,published,verified-photo,,IMG_20261009_165030_1.jpg
downy-lush-perlas,Perlas Downy Unstopables Lush,Perlas de perfume · Envase individual,Aseo,Lavandería,9400,published,verified-photo,,IMG_20261009_165030_1.jpg
wonderful-dill,Pistachos Wonderful Dill Pickle,Sin cáscara · Bolsa de 311 g,Frutos secos,Pistachos,17000,published,direct,,IMG_20261009_165436.jpg
wonderful-lightly,Pistachos Wonderful Lightly Salted,Con cáscara · Bolsa de 454 g,Frutos secos,Pistachos,25500,published,direct,,IMG_20261009_165436.jpg | IMG_20261009_165441.jpg
wonderful-sweetchili,Pistachos Wonderful Sweet Chili,Con cáscara · Bolsa de 454 g,Frutos secos,Pistachos,25500,published,direct,,IMG_20261009_165436.jpg | IMG_20261009_165441.jpg
wonderful-pepper-shell,Pistachos Wonderful Salt & Pepper,Con cáscara · Bolsa de 454 g,Frutos secos,Pistachos,25500,published,direct,,IMG_20261009_165436.jpg | IMG_20261009_165441.jpg
wonderful-roasted-227,Pistachos Wonderful Roasted & Salted,Con cáscara,Frutos secos,Pistachos,9000,published,verified-photo,,IMG_20261009_165441.jpg | IMG_20261009_165436.jpg
wonderful-chocolate,Pistachos Wonderful Chocolate Sea Salt,Sin cáscara,Frutos secos,Pistachos,6500,published,verified-photo,,IMG_20261009_165446.jpg | IMG_20261009_165441.jpg
southern-pistachios-unsalted,Pistachos Southern Grove Roasted Unsalted,Con cáscara,Frutos secos,Pistachos,8500,published,verified-photo,,IMG_20261009_165446.jpg | IMG_20261009_165441.jpg
southern-pistachios-shelled,Pistachos Southern Grove Shelled Sea Salt,Sin cáscara,Frutos secos,Pistachos,6000,published,verified-photo,,IMG_20261009_165450.jpg | IMG_20261009_165446.jpg
gv-bacon-bits,Great Value Reduced Sodium Real Bacon Pieces,Bolsa71g,Alimentos,Condimentos,4700,published,verified-photo,,IMG_20261009_165450.jpg
hormel-bacon,Hormel Real Crumbled Bacon Applewood,Bolsa85g,Alimentos,Condimentos,4200,published,verified-photo,,IMG_20261009_165450.jpg
kirkland-trail-28,Kirkland Trail Mix Snack Packs,Caja28 paquetes,Frutos secos,Mezclas,33600,published,verified-photo,,IMG_20261009_165450.jpg
simply-coconut-oil,Aceite de coco Simply Nature Organic,Frasco,Alimentos,Aceites,9500,published,verified-photo,,IMG_20261009_165457.jpg
natures-coconut-oil,Aceite de coco Nature's Promise Organic,Frasco,Alimentos,Aceites,,not-published,shared,Cartel compartido; confirmar precio y volumen propios,IMG_20261009_165457.jpg
tuscan-caesar,Crutones Tuscan Garden Classic Caesar,Bolsa,Alimentos,Preparados,4000,published,verified-photo,,IMG_20261009_165457.jpg
tuscan-italian,Crutones Tuscan Garden Italian Seasoned,Bolsa roja,Alimentos,Preparados,4000,published,verified-photo,,IMG_20261009_165457.jpg
flakes-bulk,Producto laminado en bolsa sin marca,Bolsa transparente alta,Alimentos,Granos,,not-published,missing,Identificar si es avena u otro cereal; no heredar1400,IMG_20261009_165501.jpg
simply-quinoa,Quinoa Simply Nature Organic,Bolsa454g,Alimentos,Granos,7600,published,verified-photo,,IMG_20261009_165507.jpg
simply-flax,Linaza molida Simply Nature Organic,Bolsa454g,Alimentos,Semillas,5500,published,verified-photo,,IMG_20261009_165507.jpg
organic-coconut-flour,Harina de coco Nature’s Goodness Organic,Bolsa,Alimentos,Harinas,3500,published,verified-photo,,IMG_20261009_165507.jpg
southern-mixed-salt,Southern Grove Deluxe Mixed Nuts Sea Salt,Bolsa850g,Frutos secos,Mezclas,20500,published,verified-photo,,IMG_20261009_165512.jpg
southern-mixed-unsalt,Southern Grove Deluxe Mixed Nuts Unsalted,Bolsa850g,Frutos secos,Mezclas,20500,published,verified-photo,,IMG_20261009_165512.jpg
southern-almonds,Almendras Southern Grove Whole Natural,Bolsa397g,Frutos secos,Almendras,10000,published,verified-photo,,IMG_20261009_165512.jpg
southern-pumpkin,Semillas de calabaza Southern Grove Roasted Salted,Bolsa170g,Frutos secos,Semillas,5000,published,verified-photo,,IMG_20261009_165512.jpg | IMG_20261009_165516.jpg
southern-cashews-salt,Marañones Southern Grove Lightly Salted,Bolsa454g,Frutos secos,Marañones,8400,published,verified-photo,,IMG_20261009_165516.jpg
southern-cashews-unsalt,Marañones Southern Grove Unsalted,Bolsa454g,Frutos secos,Marañones,8400,published,verified-photo,,IMG_20261009_165516.jpg
kirkland-cashews,Anacardos orgánicos Kirkland Signature,"Sin sal y sin tostar · Bolsa de 1,13 kg",Frutos secos,Anacardos,28800,published,direct,,IMG_20261009_165516.jpg
kirkland-almonds,Kirkland Roasted Almonds Sea Salt,Bolsa1134g,Frutos secos,Almendras,22800,published,verified-photo,,IMG_20261009_165516.jpg | IMG_20261009_165521.jpg
jojos-almond,"Chocolate JOJO’s con pistacho, almendra y arándano",Bolsa,Alimentos,Chocolate,13000,published,verified-photo,,IMG_20261009_165521.jpg
crispy-jalapeno,Crispy Jalapeño Pieces,Bolsa verde,Alimentos,Condimentos,5800,published,verified-photo,,IMG_20261009_165521.jpg
thatsit-blueberry,That's It Mini Fruit Bars Blueberry,Bolsa,Alimentos,Snacks,,not-published,missing,Peso y precio propios pendientes,IMG_20261009_165521.jpg
millville-oats-honey,Granola Millville Protein Oats & Honey,Bolsa amarilla,Alimentos,Granolas,6000,published,verified-photo,,IMG_20261009_165526.jpg
millville-darkchocolate,Granola Millville Protein Oats & Dark Chocolate,Bolsa naranja,Alimentos,Granolas,6000,published,verified-photo,,IMG_20261009_165526.jpg
millville-cranberry,Granola Millville Protein Cranberry & Almond,Bolsa roja,Alimentos,Granolas,6000,published,verified-photo,,IMG_20261009_165526.jpg
trader-passion,Granola Trader Joe's Passion Fruit,Bolsa340g,Alimentos,Granolas,8500,published,verified-photo,,IMG_20261009_165530.jpg | IMG_20261009_165536.jpg
trader-vanilla,Granola Trader Joe's Vanilla Almond,Bolsa454g,Alimentos,Granolas,8000,published,verified-photo,,IMG_20261009_165530.jpg | IMG_20261009_165536.jpg
trader-maple,Granola Trader Joe's Maple Pecan,Bolsa454g,Alimentos,Granolas,,not-published,missing,Sin cartel propio; no heredar8500 o8000,IMG_20261009_165530.jpg | IMG_20261009_165536.jpg
trader-salted-honey,Granola Trader Joe's Salted Almond Honey,Bolsa340g,Alimentos,Granolas,,not-published,missing,Precio propio pendiente,IMG_20261009_165530.jpg | IMG_20261009_165536.jpg
bettergoods-granola,Granola Bettergoods Chocolate Sea Salt,Chocolate y sal marina · Bolsa de 311 g,Alimentos,Granolas,6200,published,direct,,IMG_20261009_165530.jpg
gv-protein-granola,Granola Great Value Oats & Honey Protein,Bolsa311g,Alimentos,Granolas,5800,published,verified-photo,,IMG_20261009_165530.jpg
members-honey-granola,Granola Member's Mark Honey Almond,Bolsa,Alimentos,Granolas,15000,published,verified-photo,,IMG_20261009_165536.jpg | IMG_20261009_165541.jpg
purely-vanilla-granola,Granola Purely Elizabeth Vanilla Almond,Bolsa individual,Alimentos,Granolas,6500,published,verified-photo,,IMG_20261009_165536.jpg
maggi-sazon,Maggi Sazón Completo,Frasco180g,Alimentos,Condimentos,2150,published,verified-photo,,IMG_20261009_170237.jpg
carmencita-salrosa,Sal rosada en molinillo,Molinillo grande,Alimentos,Condimentos,11000,published,verified-photo,,IMG_20261009_170237.jpg
carmencita-sal3,Sal y tres pimientas en molinillo,Molinillo grande,Alimentos,Condimentos,11000,published,verified-photo,,IMG_20261009_170237.jpg
carmencita-pimienta,Pimienta negra en molinillo,Molinillo grande,Alimentos,Condimentos,11000,published,verified-photo,,IMG_20261009_170237.jpg
carmencita-pimientas,Mezcla de pimientas en molinillo,Molinillo grande,Alimentos,Condimentos,11000,published,verified-photo,,IMG_20261009_170237.jpg
danos-original,Sazonador Dan-O’s Original,Frasco de 567 g,Alimentos,Condimentos,8500,published,direct,,IMG_20261009_170241.jpg
badia-adobo,Sazonador Adobo Badia,"Frasco de 361,4 g",Alimentos,Condimentos,3800,published,direct,,IMG_20261009_170241.jpg
worcestershire-leaperrins,Salsa Lea & Perrins Worcestershire,Botella,Alimentos,Salsas,12800,published,verified-photo,,IMG_20261009_170250.jpg
kens-ranch,Ken's Ranch Dressing,Botella,Alimentos,Salsas,5500,published,verified-photo,,IMG_20261009_170250.jpg
hot-sauce,Salsa picante botella roja,Botella,Alimentos,Salsas,,not-published,missing,Marca variante volumen y precio propios pendientes,IMG_20261009_170250.jpg
italian-dressing,Aderezo italiano botella blanca,Botella,Alimentos,Salsas,9000,not-published,direct,Confirmar identidad del aderezo de botella blanca y asociación con el precio 9000.,IMG_20261009_170250.jpg
lime-juice,Jugo de lima botella verde,Botella,Alimentos,Salsas,2200,published,verified-photo,,IMG_20261009_170250.jpg
spray-oil,Aceite en spray,Envases con atomizador azul,Alimentos,Aceites,,not-published,shared,Separar marcas variedades y precio propio,IMG_20261009_170250.jpg
apti-basil,Albahaca Apti,Manjericão · Sobre de 5 g,Alimentos,Condimentos,500,published,direct,,IMG_20261009_170254.jpg | IMG_20261009_170250.jpg
carmencita-paella,Sazonador para paella Carmencita,Paella Sazonador · Frasco,Alimentos,Condimentos,1700,published,direct,,IMG_20261009_170254.jpg
colonna-ranch,Sazonador Ranch Colonna,Ranch Seasoning · Frasco de 99 g,Alimentos,Condimentos,1300,published,direct,,IMG_20261009_170254.jpg
supreme-black-pepper,Pimienta negra molida Supreme Tradition,Black Pepper Ground · Frasco,Alimentos,Condimentos,2100,published,direct,,IMG_20261009_170254.jpg
carmencita-molinillo-pimienta,Molinillo Carmencita Pimienta,Molinillo individual,Alimentos,Condimentos,3100,published,verified-photo,,IMG_20261009_170254.jpg
varveio-balsamico,Varveio Aceto Balsamico di Modena,Botella500mL,Alimentos,Vinagres,3500,published,verified-photo,,IMG_20261009_170303_1.jpg | IMG_20261009_170306_1.jpg
varveio-manzana,Varveio Aceto di Mele,Botella,Alimentos,Vinagres,3500,published,verified-photo,,IMG_20261009_170303_1.jpg
vima-vino-vinagre,Vinagre de vino Vima,Botella,Alimentos,Vinagres,2000,published,verified-photo,,IMG_20261009_170303_1.jpg
milideas-vinagre,Vinagre de vino Milideas,Botella plástica,Alimentos,Vinagres,1300,published,verified-photo,,IMG_20261009_170303_1.jpg
badia-lemon,Jugo de limón Badia,"Lemon Juice · Botella de 295,74 ml",Alimentos,Salsas,2100,published,direct,,IMG_20261009_170306_1.jpg | IMG_20261009_170308_1.jpg
badia-mojo,Marinado Mojo Badia,"Mojo Marinade · Botella de 295,74 ml",Alimentos,Salsas,1500,published,direct,,IMG_20261009_170306_1.jpg | IMG_20261009_170308_1.jpg
badia-naranja,Naranja agria Badia,"Sour Orange · Botella de 295,74 ml",Alimentos,Salsas,2000,published,direct,,IMG_20261009_170306_1.jpg | IMG_20261009_170308_1.jpg
varveio-condimento,Varveio Condimento,Botella,Alimentos,Vinagres,3300,published,verified-photo,,IMG_20261009_170306_1.jpg | IMG_20261009_170308_1.jpg
carbonell-balsamico,Aderezo de vinagre balsámico Carbonell,Botella de 275 ml,Alimentos,Salsas,3500,published,direct,,IMG_20261009_170306_1.jpg | IMG_20261009_170308_1.jpg
gourmet-vinagre,Vinagre Gourmet,Botella,Alimentos,Vinagres,1100,published,verified-photo,,IMG_20261009_170306_1.jpg
vinagre-blanco,Vinagre blanco botella transparente,Botella,Alimentos,Vinagres,1450,not-published,direct,Confirmar que la botella transparente corresponda a vinagre blanco y su presentación.,IMG_20261009_170308_1.jpg
hersheys-syrup,Sirope de chocolate Hershey's,Botella grande,Alimentos,Siropes,13000,published,verified-photo,,IMG_20261009_170311_1.jpg
millville-butter-syrup,Millville Butter Syrup,Botella,Alimentos,Siropes,,not-published,shared,Cartel de grupo; confirmar precio propio,IMG_20261009_170314.jpg
millville-lite-syrup,Millville Lite Syrup,Botella,Alimentos,Siropes,,not-published,shared,Cartel de grupo; confirmar precio propio,IMG_20261009_170314.jpg
fresco-maple,Fresco Maple Syrup,Botella,Alimentos,Siropes,,not-published,shared,Cartel compartido; confirmar marca peso precio,IMG_20261009_170314.jpg
vanilla-bottle,Vainilla botella amarilla,Botella,Alimentos,Siropes,,not-published,shared,Marca presentación y precio propios pendientes,IMG_20261009_170314.jpg
sirape-bottle,Sirape botella dorada,Botella,Alimentos,Siropes,,not-published,shared,Marca sabor y precio propios pendientes,IMG_20261009_170314.jpg
welchs-grape,Mermelada de uva Welch’s,Grape · Frasco,Alimentos,Mermeladas,6000,published,verified-photo,,IMG_20261009_170314.jpg
helios-manzana,Mermelada Helios Manzana,Frasco individual,Alimentos,Mermeladas,3900,published,verified-photo,,IMG_20261009_170320_1.jpg
helios-ciruela-kiwi,Mermelada Helios Ciruela y Kiwi,Frasco individual,Alimentos,Mermeladas,3900,published,verified-photo,,IMG_20261009_170320_1.jpg
helios-fresa-arandano,Mermelada Helios Fresa y Arándano rojo,Frasco individual,Alimentos,Mermeladas,3900,published,verified-photo,,IMG_20261009_170320_1.jpg
mermelada-amarilla,Mermelada frasco amarillo,Frasco,Alimentos,Mermeladas,3900,not-published,direct,Confirmar marca y sabor de la mermelada del frasco amarillo.,IMG_20261009_170320_1.jpg
caramel-syrup,Caramel Syrup,Botella,Alimentos,Siropes,2400,published,verified-photo,,IMG_20261009_170320_1.jpg
pampa-fruit-spread,Pampa Fruit Spread fresa y uva,Botellas539g; familia por separar,Alimentos,Mermeladas,,not-published,shared,Separar fresa y uva y confirmar precio por sabor,IMG_20261009_170320_1.jpg
cafe-frasco,Café instantáneo frasco rectangular,Tapones rojo y negro,Alimentos,Café,,not-published,shared,Separar marca y tamaño; no confirmar todos con5700,IMG_20261009_170330.jpg | IMG_20261009_170333.jpg
nescafe-small,Café Nescafé frasco pequeño,Frasco,Alimentos,Café,5500,published,verified-photo,,IMG_20261009_170330.jpg
nescafe-tasters,Café Nescafé Taster's Choice,Frasco grande,Alimentos,Café,26000,published,verified-photo,,IMG_20261009_170330.jpg
nescafe-clasico,Café Nescafé Clásico,Frasco grande,Alimentos,Café,27500,published,verified-photo,,IMG_20261009_170330.jpg
coffeemate-frascos,Nestlé Coffee Mate frasco,Nestlé Coffee Mate · Frasco individual,Alimentos,Café,5800,published,verified-photo,,IMG_20261009_170333.jpg
coffee-mate-bolsa,Nestlé Coffee Mate bolsa,Bolsa roja,Alimentos,Café,2200,published,verified-photo,,IMG_20261009_170336.jpg | IMG_20261009_170333.jpg
splenda-small,Splenda,Envase individual,Alimentos,Endulzantes,4300,published,verified-photo,,IMG_20261009_170333.jpg
coffee-sebraz-250,Café Sebraz Extra Forte,Bolsa roja,Alimentos,Café,2500,published,verified-photo,,IMG_20261009_170341.jpg | IMG_20261009_170336.jpg
coffee-sebraz-other,Café Sebraz otra presentación,Bolsa roja,Alimentos,Café,,not-published,ambiguous,Determinar peso; no duplicar2500 sin confirmar formato,IMG_20261009_170336.jpg
coffee-mcdaniels,Café McDaniel’s Espresso,Bolsa individual,Alimentos,Café,4900,published,verified-photo,,IMG_20261009_170336.jpg
coffee-whitener,Country Coffee Whitener,Bolsa,Alimentos,Café,3000,published,verified-photo,,IMG_20261009_170336.jpg
coffee-dark-bag,Café bolsa oscura,Bolsa,Alimentos,Café,4200,not-published,direct,Confirmar marca y presentación del café en bolsa oscura.,IMG_20261009_170341.jpg
nesquik-choco-tin,Nesquik Chocolate,Envase grande amarillo,Alimentos,Cacao,18000,published,verified-photo,,IMG_20261009_170346_1.jpg
nesquik-straw-tin,Nesquik Strawberry,Envase grande amarillo,Alimentos,Cacao,16500,published,verified-photo,,IMG_20261009_170346_1.jpg
colacao-original,ColaCao Original,Envase grande,Alimentos,Cacao,10200,published,verified-photo,,IMG_20261009_170351.jpg
colacao-turbo,ColaCao Turbo,Envase pequeño,Alimentos,Cacao,6500,published,verified-photo,,IMG_20261009_170351.jpg
nesquik-choco-bag,Nesquik Chocolate bolsa,15vasos según frontal,Alimentos,Cacao,5500,published,verified-photo,,IMG_20261009_170351.jpg
chocolisto-choco,Choco Listo Chocolate,Envase naranja,Alimentos,Cacao,4800,published,verified-photo,,IMG_20261009_170358.jpg | IMG_20261009_170402.jpg
chocolisto-straw,Choco Listo Strawberry,Bolsa naranja,Alimentos,Cacao,3000,published,verified-photo,,IMG_20261009_170358.jpg
cacao-black,Cacao amargo en polvo Macro Food,Bolsa de 250 g,Alimentos,Cacao,3000,published,verified-photo,,IMG_20261009_170358.jpg | IMG_20261009_170402.jpg
cacao-brown,Cacao amargo en polvo bolsa marrón,Bolsa,Alimentos,Cacao,3000,duplicate,direct,"Mismo producto Macro Food de 250 g, fotografiado dos veces.",IMG_20261009_170402.jpg
te-limon,Té Doblet de limón,Caja individual,Alimentos,Infusiones,2000,published,verified-photo,,IMG_20261009_170404.jpg
te-manzanilla,Té Doblet de manzanilla,Caja individual,Alimentos,Infusiones,2000,published,verified-photo,,IMG_20261009_170404.jpg
te-hierbabuena,Té Doblet de hierbabuena,Caja individual,Alimentos,Infusiones,2000,published,verified-photo,,IMG_20261009_170404.jpg
te-manzanilla-jengibre,Té Doblet manzanilla con jengibre,Caja,Alimentos,Infusiones,900,published,verified-photo,,IMG_20261009_170406_1.jpg
te-manzanilla-arandano,Té Doblet manzanilla con arándano,Caja individual,Alimentos,Infusiones,900,published,verified-photo,,IMG_20261009_170406_1.jpg
vima-albondigas-lata,Albóndigas en salsa Vima,Lata,Conservas,Preparados,1460,published,verified-photo,,IMG_20261009_170410_1.jpg | IMG_20261009_170406_1.jpg
plumrose-lata,Producto Plumrose en lata,Lata amarilla,Conservas,Carnes,1200,not-published,direct,"Identificar el alimento dentro de la lata amarilla, no solo su marca.",IMG_20261009_170410_1.jpg
novo-lata,Producto Novo en lata,Lata azul,Conservas,Carnes,2000,not-published,direct,"Identificar el alimento dentro de la lata azul, no solo su marca.",IMG_20261009_170410_1.jpg
peanut-cookies-18,Peanut Butter Sandwich Cookies18Pack,Caja18paquetes,Alimentos,Galletas,2500,published,verified-photo,,IMG_20261009_170417.jpg
trasto-rollos,Galletas Trasto Roll,Tubos,Alimentos,Galletas,,not-published,missing,Variante y precio propios pendientes,IMG_20261009_170417.jpg
candy-green-bottle,Golosina botella verde,Unidad,Alimentos,Golosinas,,not-published,missing,Marca denominación y precio propios pendientes,IMG_20261009_170417.jpg
britannia-biscafe,Galletas Britannia Biscafé,Caja,Alimentos,Galletas,2300,published,verified-photo,,IMG_20261009_170421.jpg
gourmet-double,Galletas Gourmet Double,Paquete pequeño,Alimentos,Galletas,100,published,verified-photo,,IMG_20261009_170428_1.jpg | IMG_20261009_170421.jpg
supremos-packet,Caramelos Supremos,Sobre individual; elegir sabor al confirmar disponibilidad,Alimentos,Golosinas,300,published,verified-photo,,IMG_20261009_170440_1.jpg | IMG_20261009_170501.jpg
ricoss-280,Golosinas Ricoss280g,Cajas de colores,Alimentos,Golosinas,,not-published,shared,Separar sabores y confirmar precio propio,IMG_20261009_170440_1.jpg | IMG_20261009_170501.jpg
fruit-straw-45,Golosina sabor fresa45g,Bolsa roja,Alimentos,Golosinas,,not-published,ambiguous,Marca y unidad de venta pendientes; puedeprecio por tira,IMG_20261009_170447_1.jpg
trident-1350,Chicle Trident,Caja azul,Alimentos,Chicles,1350,published,verified-photo,,IMG_20261009_170504.jpg | IMG_20261009_170501.jpg
extra-gum,Chicle Extra,Paquete individual; elegir sabor al confirmar disponibilidad,Alimentos,Chicles,3500,published,verified-photo,,IMG_20261009_170501.jpg | IMG_20261009_170504.jpg
five-gum,Chicle5Gum,Caja negra,Alimentos,Chicles,3500,published,verified-photo,,IMG_20261009_170501.jpg | IMG_20261009_170504.jpg
bauducco-wafer-straw,Wafer de fresa Bauducco,Strawberry · Paquete,Alimentos,Galletas,1300,published,direct,,IMG_20261009_170518.jpg
bauducco-wafer-choco,Wafer Bauducco chocolate,Paquete,Alimentos,Galletas,1500,published,verified-photo,,IMG_20261009_170518.jpg
bauducco-maria,Galletas María Bauducco,Maria Cookies · Paquete de 200 g,Alimentos,Galletas,1200,published,direct,,IMG_20261009_170532.jpg
berry-croco,Cereal Berry Croco Crunch,Caja,Alimentos,Cereales,3400,published,verified-photo,,IMG_20261009_170540.jpg
morgin-coconut,Morgin Coconut Wheat & Rice,Caja250g,Alimentos,Cereales,,not-published,ambiguous,Confirmar cifra y denominación exacta,IMG_20261009_170540.jpg
quaker-fruitcream,Quaker Instant Oatmeal Fruit & Cream,Caja de 40 sobres,Alimentos,Cereales,19000,published,verified-photo,,IMG_20261009_170540.jpg
kitkat-minis,KitKat Minis,Bolsa,Alimentos,Chocolate,19500,published,verified-photo,,IMG_20261009_170543_1.jpg
cocoa-pebbles-cup,Cocoa Pebbles vaso,Vaso individual,Alimentos,Cereales,1800,published,verified-photo,,IMG_20261009_170543_1.jpg
honeybunches-cup,Honey Bunches of Oats vaso,Vaso individual,Alimentos,Cereales,1800,published,verified-photo,,IMG_20261009_170543_1.jpg
frostedflakes-cup,Frosted Flakes vaso,Vaso individual,Alimentos,Cereales,1800,published,verified-photo,,IMG_20261009_170543_1.jpg | IMG_20261009_170548.jpg
cheerios-cup,Cheerios vaso,Vaso individual,Alimentos,Cereales,1800,published,verified-photo,,IMG_20261009_170548.jpg
ricekrispies-mini,Rice Krispies caja pequeña,Caja individual pequeña,Alimentos,Cereales,200,published,verified-photo,,IMG_20261009_170548.jpg
pops-mini,Kellogg's Pops caja pequeña,Caja individual pequeña,Alimentos,Cereales,200,published,verified-photo,,IMG_20261009_170548.jpg
miniwheats-mini,Frosted Mini Wheats caja pequeña,Caja individual pequeña,Alimentos,Cereales,200,published,verified-photo,,IMG_20261009_170548.jpg
carrs-assortment,Carr's Table Water Crackers Assortment,Caja720g,Alimentos,Galletas,22500,published,verified-photo,,IMG_20261009_170550.jpg
nerds-clusters,Nerds Gummy Clusters Rainbow,Party Size,Alimentos,Golosinas,19000,published,verified-photo,,IMG_20261009_170554.jpg
toblerone,Chocolate Toblerone,Caja triangular,Alimentos,Chocolate,4000,published,verified-photo,,IMG_20261009_170554.jpg
mms-sharebag,M&M's Sharing Size bolsa,Bolsa marrón,Alimentos,Chocolate,8500,published,verified-photo,,IMG_20261009_170556.jpg
hersheys-nuggets,Hershey's Nuggets,Bolsa,Alimentos,Chocolate,9500,published,verified-photo,,IMG_20261009_170556.jpg
reeses-bar,Reese's barra,Caja naranja,Alimentos,Chocolate,3500,published,verified-photo,,IMG_20261009_170556.jpg
reeses-pieces,Reese's Pieces,Bolsa naranja,Alimentos,Golosinas,8500,published,verified-photo,,IMG_20261009_170556.jpg
mms-caramel-bag,M&M's Caramel Cold Brew,Bolsa,Alimentos,Chocolate,,not-published,shared,Confirmar precio propio y peso,IMG_20261009_170600.jpg
mms-honey-bag,M&M's Honey Roasted Peanut,Bolsa,Alimentos,Chocolate,9500,published,verified-photo,,IMG_20261009_170600.jpg
mms-milk-jar,M&M's Milk Chocolate frasco,Frasco con tapa marrón,Alimentos,Chocolate,,not-published,shared,Precio del grupo; peso pendiente,IMG_20261009_170603.jpg | IMG_20261009_170600.jpg
mms-peanut-jar,M&M's Peanut frasco,Frasco con tapa amarilla,Alimentos,Chocolate,29000,published,verified-photo,,IMG_20261009_170603.jpg | IMG_20261009_170600.jpg
bentons-mint-cookies,Benton's Mint Chocolate Covered Cookies,Caja verde,Alimentos,Galletas,5500,published,verified-photo,,IMG_20261009_170609.jpg
bentons-original-cookies,Galletas Benton’s Original Chocolate,Layered Cookies · Bolsa de 105 g,Alimentos,Galletas,5500,published,direct,,IMG_20261009_170609.jpg
bentons-hazelnut,Galletas Benton’s Hazelnut,Avellana · 12 galletas · Bolsa de 172 g,Alimentos,Galletas,5500,published,direct,,IMG_20261009_170609.jpg
bentons-keylime,Galletas Benton’s Cookie Thins Key Lime,Lima · Bolsa de 113 g,Alimentos,Galletas,4200,published,direct,,IMG_20261009_170614.jpg | IMG_20261009_170609.jpg
bentons-lemon,Galletas Benton’s Cookie Thins Key Lime,Bolsa de 113 g,Alimentos,Galletas,4200,duplicate,verified-photo,Misma presentación ya identificada con bentons-keylime,IMG_20261009_170609.jpg
bentons-coconut,Benton's Cookie Thins Toasted Coconut,Bolsa,Alimentos,Galletas,4200,published,verified-photo,,IMG_20261009_170614.jpg
members-cookie-thins,Member's Mark Chocolate Chip Cookie Thins,Bolsa,Alimentos,Galletas,6000,published,verified-photo,,IMG_20261009_170614.jpg | IMG_20261009_170618.jpg
milano-double,Pepperidge Farm Milano Double Milk Chocolate,Sobre individual,Alimentos,Galletas,650,published,verified-photo,,IMG_20261009_170618.jpg
oreo-snack,Oreo Snack Packs,Sobre individual,Alimentos,Galletas,500,published,verified-photo,,IMG_20261009_170623.jpg | IMG_20261009_170618.jpg
oreo-choco-box,Oreo Chocolate caja naranja,Caja252g,Alimentos,Galletas,5200,published,verified-photo,,IMG_20261009_170623.jpg
oreo-chocofill-box,Oreo caja azul12paquetes,Caja,Alimentos,Galletas,9500,published,verified-photo,,IMG_20261009_170623.jpg
oreo-roll,Oreo en envoltorio transparente,Rollo de galletas,Alimentos,Galletas,2500,published,verified-photo,,IMG_20261009_170626.jpg | IMG_20261009_170623.jpg
chipsahoy,Galletas Chips Ahoy Original,Family Size · Paquete de 515 g,Alimentos,Galletas,5800,published,direct,,IMG_20261009_170629.jpg
lotus-biscoff,Lotus Biscoff,Paquete,Alimentos,Galletas,4200,published,verified-photo,,IMG_20261009_170629.jpg
lemoncreme-cookie,Lemon Creme Cookies,Paquete amarillo/verde,Alimentos,Galletas,4800,published,verified-photo,,IMG_20261009_170633.jpg
vanillacreme-cookie,Vanilla Creme Cookies,Paquete individual,Alimentos,Galletas,4800,published,verified-photo,,IMG_20261009_170633.jpg
duplex-cookie,Duplex Sandwich Crème Cookies,Benton’s · Paquete individual,Alimentos,Galletas,7500,published,verified-photo,,IMG_20261009_170633.jpg
vanilla-sandwich,Galletas Benton’s Vanilla Sandwich Crème,Paquete,Alimentos,Galletas,7500,published,verified-photo,,IMG_20261009_170633.jpg
oatmeal-cookie,Oatmeal Cookies,Paquete amarillo,Alimentos,Galletas,3800,published,verified-photo,,IMG_20261009_170637.jpg | IMG_20261009_170640.jpg
chocochip-cookie,Chocolate Chip Cookies,Paquete amarillo,Alimentos,Galletas,3800,published,verified-photo,,IMG_20261009_170637.jpg | IMG_20261009_170640.jpg
almond-windmill,Almond Windmill Cookies,Paquete amarillo,Alimentos,Galletas,3000,published,verified-photo,,IMG_20261009_170637.jpg
fresko-butter,Caramelos Fresko Butter Milky,Bolsa,Alimentos,Golosinas,4000,published,verified-photo,,IMG_20261009_170642.jpg
fresko-cappuccino,Caramelos Fresko Cappuccino,Bolsa,Alimentos,Golosinas,4000,published,verified-photo,,IMG_20261009_170642.jpg
fresko-coffee,Caramelos Fresko Coffee,Bolsa,Alimentos,Golosinas,4000,published,verified-photo,,IMG_20261009_170642.jpg
kitkat-16,KitKat caja16paquetes,Caja,Alimentos,Chocolate,40000,published,verified-photo,,IMG_20261009_170645.jpg
choco-variety14,"Surtido de chocolates Snickers, Milky Way y M&M’s",Caja de 14 piezas,Alimentos,Chocolate,35000,published,verified-photo,,IMG_20261009_170645.jpg | IMG_20261009_170649.jpg
cadbury-bar,Chocolate Baileys Caramel,Tableta,Alimentos,Chocolate,2500,published,verified-photo,,IMG_20261009_170645.jpg | IMG_20261009_170649.jpg
simply-coconut-clusters,Simply Nature Organic Coconut Clusters,Bolsa,Alimentos,Snacks,,not-published,missing,Peso y precio propios pendientes,IMG_20261009_170645.jpg | IMG_20261009_170649.jpg
crepel-bar,Crepes rellenas de chocolate Crepel,Caja,Alimentos,Golosinas,900,published,verified-photo,,IMG_20261009_170649.jpg
todeschini-picapau,Galletas Todeschini Pica-Pau,Paquete individual,Alimentos,Galletas,560,published,verified-photo,,IMG_20261009_170653.jpg | IMG_20261009_170649.jpg
vima-ensaladilla,Ensaladilla congelada Vima,Bolsa1kg,Alimentos,Congelados,3200,published,verified-photo,,IMG_20261009_170704_1.jpg | IMG_20261009_170715.jpg
vima-maiz-frozen,Maíz dulce congelado Vima,Bolsa1kg,Alimentos,Congelados,3200,published,verified-photo,,IMG_20261009_170826_1.jpg | IMG_20261009_170831.jpg | IMG_20261009_170715.jpg | IMG_20261009_170834_1.jpg
dor-coles,Coles de Bruselas congeladas d'Arta,Bolsa,Alimentos,Congelados,3000,published,verified-photo,,IMG_20261009_170834_1.jpg | IMG_20261009_170838.jpg
cvale-nuggets,Nuggets de pollo C.Vale,Bolsa1kg,Cárnicos,Preparados,5000,published,verified-photo,,IMG_20261009_170846.jpg | IMG_20261009_170848.jpg
eurofrits-papas,Papas prefritas Eurofrits Steakhouse Super Crujiente,"Bolsa2,",Alimentos,Congelados,5700,published,verified-photo,,IMG_20261009_170851_1.jpg | IMG_20261009_170855.jpg
driedapple,Manzana deshidratada Dried Apple Soft & Chewy,Bolsa50g,Alimentos,Snacks,2000,published,verified-photo,,IMG_20261009_170903_1.jpg | IMG_20261009_170909_1.jpg | IMG_20261009_170911_1.jpg
takis-fuego,Takis Fuego,Bolsa morada,Alimentos,Snacks,1300,published,verified-photo,,IMG_20261009_170903_1.jpg | IMG_20261009_170909_1.jpg | IMG_20261009_170906_1.jpg
kars-mix,Kar's Sweet'n Salty Mix,Bolsa individual,Frutos secos,Mezclas,1300,published,verified-photo,,IMG_20261009_170906_1.jpg | IMG_20261009_170903_1.jpg
thatsit-crunch,That's It Crunchables,Bolsa verde,Alimentos,Snacks,750,published,verified-photo,,IMG_20261009_170911_1.jpg
juve-solo-vida,Cava Juvé & Camps Solo Vida,Botella con etiqueta dorada,Bebidas,Espumosos,21000,published,verified-photo,,IMG_20261009_170930.jpg
gran-juve-camps,Gran Juvé & Camps Gran Reserva Brut,Estuche abierto,Bebidas,Espumosos,21000,published,verified-photo,,IMG_20261009_170930.jpg
vallformosa-gala-white,Vallformosa Gala blanco,Botella,Bebidas,Espumosos,5200,published,verified-photo,,IMG_20261009_170941.jpg | IMG_20261009_170943_1.jpg
vinaesmeralda-sparkling,Viña Esmeralda espumoso,Botella,Bebidas,Espumosos,,not-published,shared,"Cartel5200 adyacente; confirmar precio propio, variedad y volumen",IMG_20261009_170941.jpg
misting-brut,Mistinguett Vallformosa espumoso,Botella,Bebidas,Espumosos,,not-published,ambiguous,Dos carteles5500/6000; separar variedades y precio propio,IMG_20261009_170941.jpg
vallformosa-gala-rose,Vallformosa Gala rosado,Botella,Bebidas,Espumosos,6000,published,verified-photo,,IMG_20261009_170943_1.jpg
vallformosa-cava-rose,Vallformosa Cava rosado,Botella individual,Bebidas,Espumosos,6000,published,verified-photo,,IMG_20261009_170948_1.jpg
vallformosa-cava-brut,Vallformosa Cava Brut,Botella,Bebidas,Espumosos,6000,published,verified-photo,,IMG_20261009_170948_1.jpg
vallformosa-cava-ice,Vallformosa Cava Ice,Botella blanca,Bebidas,Espumosos,6000,published,verified-photo,,IMG_20261009_170948_1.jpg
