sharedProductId,name,description,category,subcategory,currency,priceCUP,priceCandidatesCUP,reviewStatus,matchStatus,imageStatus,publicationStatus,sourcePhotos,missingDetails
southern-dry-roasted,Maní Southern Grove Dry Roasted,Frasco con tapa azul,Frutos secos,Maní,CUP,,,falta-precio,candidate-not-published,not-generated,not-published,IMG_20261009_165556.jpg,Precio y peso pendientes
kirkland-salted-mixed,Kirkland Extra Fancy Salted Mixed Nuts,"Bolsa 1,13 kg",Frutos secos,Mezclas,CUP,28000,28000,precio-visible,candidate-not-published,not-generated,not-published,IMG_20261009_165602.jpg,Revisar peso antes de publicar
kirkland-unsalted-mixed,Kirkland Unsalted Mixed Nuts,Bolsa,Frutos secos,Mezclas,CUP,23000,23000,precio-visible,candidate-not-published,not-generated,not-published,IMG_20261009_165602.jpg,Peso pendiente
kirkland-keto-mix,Kirkland Keto Snack Mix,Bolsa 680 g,Frutos secos,Mezclas,CUP,22000,22000,precio-visible,candidate-not-published,not-generated,not-published,IMG_20261009_165602.jpg; IMG_20261009_165604_1.jpg,
biena-edamame,Biena Edamame Himalayan Pink Salt,Bolsa 510 g,Frutos secos,Semillas y legumbres,CUP,12800,12800,precio-visible,candidate-not-published,not-generated,not-published,IMG_20261009_165604_1.jpg; IMG_20261009_165602.jpg,Lectura ampliada12800
pockets-almonds,Pocket's Chocolates Greek Yogurt & Dark Chocolate Coated Almonds,"Bolsa de 30 paquetes individuales; peso total18,5oz",Frutos secos,Cubiertos de chocolate,CUP,20500,20500,precio-visible,candidate-not-published,not-generated,not-published,IMG_20261009_165604_1.jpg,Precio del paquete grande; no por sobre
monster-viking,Monster Juice Viking Berry,Lata rosa,Bebidas,Energéticas,CUP,,3000,confirmar-asociacion-precio,candidate-not-published,not-generated,not-published,IMG_20261009_165615.jpg,Cartel compartido con Pacific Punch
monster-pacific,Monster Juice Pacific Punch,Lata amarilla,Bebidas,Energéticas,CUP,,3000,confirmar-asociacion-precio,candidate-not-published,not-generated,not-published,IMG_20261009_165615.jpg,Confirmar variante y volumen
fattoria-guayaba,Néctar de guayaba Fattorie Crisci,Botella de vidrio,Bebidas,Jugos y néctares,CUP,660,660,precio-visible,candidate-not-published,not-generated,not-published,IMG_20261009_165615.jpg,Volumen pendiente
cristal-botella,Cerveza Cristal,Botella de vidrio,Bebidas,Cervezas,CUP,1050,1050,precio-visible,candidate-not-published,not-generated,not-published,IMG_20261009_165618.jpg,Volumen pendiente
unlaguer-330,Cerveza Unlaguer,Lata 330 mL;5% alc,Bebidas,Cervezas,CUP,620,620,precio-visible,candidate-not-published,not-generated,not-published,IMG_20261009_165622.jpg; IMG_20261009_170138.jpg,Confirmar escritura exacta de marca antes de generar imagen
delcampo-negros,Frijoles negros Del Campo,Bolsa de1lb,Alimentos,Granos,CUP,1600,1600,precio-visible,prior-pending,not-generated,not-published,IMG_20261009_170003.jpg,Variante distinta de los colorados publicados
arroz-alfinete,Arroz blanco Alfinete,Bolsa de1kg,Alimentos,Arroz,CUP,1300,1300,precio-visible,prior-pending,not-generated,not-published,IMG_20261009_170008.jpg; IMG_20261009_170010.jpg,
arroz-blanco-bolsa,Arroz blanco en bolsa,Bolsa transparente,Alimentos,Arroz,CUP,1000,1000,precio-visible,candidate-not-published,not-generated,not-published,IMG_20261009_170014.jpg; IMG_20261009_170008.jpg,Sin marca; peso pendiente
trigo-bolsa-1kg,Harina de trigo,Bolsa de1kg,Alimentos,Harinas,CUP,2100,2100,precio-visible,candidate-not-published,not-generated,not-published,IMG_20261009_170022.jpg,Marca no legible
trigo-gloria,Harina de trigo Gloria,Bolsa,Alimentos,Harinas,CUP,1300,1300,precio-visible,candidate-not-published,not-generated,not-published,IMG_20261009_170022.jpg,Peso pendiente
maicena-450,Maicena almidón de maíz,Bolsa450g,Alimentos,Harinas,CUP,3000,3000,precio-visible,candidate-not-published,not-generated,not-published,IMG_20261009_170022.jpg,Marca no confirmada
chefscupboard-buterry,Puré de papas Chef's Cupboard Buttery,Bolsa,Alimentos,Preparados,CUP,1800,1800,precio-visible,candidate-not-published,not-generated,not-published,IMG_20261009_170025.jpg; IMG_20261009_170027.jpg,Peso pendiente
cookies-bulk,Galletas redondas en bolsa,Bolsa transparente,Alimentos,Galletas,CUP,1500,1500,precio-visible,candidate-not-published,not-generated,not-published,IMG_20261009_170032.jpg; IMG_20261009_170014.jpg,Marca peso y unidad de venta pendientes
savvyfare-rice,Arroz Savvy Fare Roasted Chicken,Bolsa; sabor pollo,Alimentos,Preparados,CUP,,2700,confirmar-asociacion-precio,candidate-not-published,not-generated,not-published,IMG_20261009_170038.jpg; IMG_20261009_170041.jpg,Confirmar precio por variante
spanish-rice,Arroz Spanish Style Rice,Bolsa,Alimentos,Preparados,CUP,,2700,confirmar-asociacion-precio,candidate-not-published,not-generated,not-published,IMG_20261009_170038.jpg; IMG_20261009_170041.jpg,Marca y precio por variante pendientes
timeowise-rice,Arroz Time O'Wise Dirty Rice,Bolsa,Alimentos,Preparados,CUP,,2700,confirmar-asociacion-precio,candidate-not-published,not-generated,not-published,IMG_20261009_170038.jpg; IMG_20261009_170041.jpg,Confirmar marca y precio por variante
santa-lasagna,Pasta Santa Lasagna,Caja,Alimentos,Pastas,CUP,800,800,precio-visible,candidate-not-published,not-generated,not-published,IMG_20261009_170038.jpg; IMG_20261009_170041.jpg,Peso pendiente
marchi-salt,Sal yodada March I,Envase cilíndrico,Alimentos,Sal y azúcar,CUP,1800,1800,precio-visible,candidate-not-published,not-generated,not-published,IMG_20261009_170045.jpg; IMG_20261009_170038.jpg,Confirmar marca y peso
white-bulk,Producto blanco en bolsa sin marca,Bolsa transparente,Alimentos,Sal y azúcar,CUP,800,800,precio-visible,candidate-not-published,not-generated,not-published,IMG_20261009_170047.jpg; IMG_20261009_170045.jpg,Confirmar si es azúcar sal o arroz y peso
torre-pink-salt,Sal rosada Torre de la Vega,Sal de los Andes; bolsa,Alimentos,Sal y azúcar,CUP,1700,1700,precio-visible,candidate-not-published,not-generated,not-published,IMG_20261009_170051.jpg; IMG_20261009_170054.jpg,Peso pendiente
sal-fina-azul,Sal fina en bolsa azul,Bolsa,Alimentos,Sal y azúcar,CUP,,,falta-precio,candidate-not-published,not-generated,not-published,IMG_20261009_170054.jpg,Marca y precio pendientes
taoro-guayaba,Néctar Taoro Guayaba,Lata,Bebidas,Jugos y néctares,CUP,680,680,precio-visible,candidate-not-published,not-generated,not-published,IMG_20261009_170105_1.jpg,Volumen pendiente
monster-pipeline,Monster Pipeline Punch,Lata rosa,Bebidas,Energéticas,CUP,,3000,confirmar-asociacion-precio,candidate-not-published,not-generated,not-published,IMG_20261009_170108.jpg,Precio de grupo; volumen pendiente
monster-mango,Monster Mango Loco,Lata azul,Bebidas,Energéticas,CUP,,3000,confirmar-asociacion-precio,candidate-not-published,not-generated,not-published,IMG_20261009_170108.jpg,Precio de grupo; volumen pendiente
monster-tropical,Monster Ultra Tropical Punch,Lata verde,Bebidas,Energéticas,CUP,,3000,confirmar-asociacion-precio,candidate-not-published,not-generated,not-published,IMG_20261009_170108.jpg,Precio de grupo; volumen pendiente
tropigusto-mango,Tropi Gusto Mango,Lata,Bebidas,Jugos y néctares,CUP,,600; 800,comparar-presentaciones-precios,candidate-not-published,not-generated,not-published,IMG_20261009_170110_1.jpg; IMG_20261009_170140.jpg,Comparar tamaños y confirmar precio vigente
tropigusto-pineapple,Tropi Gusto Pineapple,Lata; piña,Bebidas,Jugos y néctares,CUP,,800,confirmar-asociacion-precio,candidate-not-published,not-generated,not-published,IMG_20261009_170110_1.jpg,Confirmar tamaño y precio propio
tropigusto-banana,Tropi Gusto Banana,Lata,Bebidas,Jugos y néctares,CUP,,600; 800,comparar-presentaciones-precios,candidate-not-published,not-generated,not-published,IMG_20261009_170110_1.jpg; IMG_20261009_170140.jpg,Comparar tamaños y confirmar precio vigente
tropigusto-peach,Tropi Gusto Peach,Lata; durazno,Bebidas,Jugos y néctares,CUP,,800,confirmar-asociacion-precio,candidate-not-published,not-generated,not-published,IMG_20261009_170110_1.jpg,Confirmar tamaño y precio propio
bahamas-juice,Jugos Bahamas en caja,Cajas con pitillo,Bebidas,Jugos y néctares,CUP,,400,confirmar-asociacion-precio,candidate-not-published,not-generated,not-published,IMG_20261009_170114.jpg,Separar sabores y volumen con lectura de etiqueta
bali-juice,Jugos Bali en caja,Cajas con pitillo,Bebidas,Jugos y néctares,CUP,,400,confirmar-asociacion-precio,candidate-not-published,not-generated,not-published,IMG_20261009_170114.jpg,Separar sabores y volumen con lectura de etiqueta
water-whitecap,Agua embotellada sin marca legible,Botellas transparentes,Bebidas,Agua,CUP,,95; 1000,requiere-aclaracion,candidate-not-published,not-generated,not-published,IMG_20261009_170117.jpg,Carteles sin asociación clara; no fijar precio
boom-cola,Refresco Max Boom Boom Cola,Lata355mL,Bebidas,Refrescos,CUP,,750,confirmar-asociacion-precio,candidate-not-published,not-generated,not-published,IMG_20261009_170126.jpg,Confirmar precio por sabor
boom-lime,Refresco Max Boom Boom Lima-Limón,Lata355mL,Bebidas,Refrescos,CUP,,750,confirmar-asociacion-precio,candidate-not-published,not-generated,not-published,IMG_20261009_170126.jpg,Confirmar precio por sabor
sunny-tamarind,Néctar Sunny Tamarind,Lata; tamarindo,Bebidas,Jugos y néctares,CUP,900,900,precio-visible,candidate-not-published,not-generated,not-published,IMG_20261009_170128.jpg,Volumen pendiente
water-blue,Agua embotellada de etiqueta azul,Botella,Bebidas,Agua,CUP,350,350,precio-visible,candidate-not-published,not-generated,not-published,IMG_20261009_170131.jpg,Marca y volumen pendientes; no unir a otra agua sin confirmar
shani,Refresco Shani,Lata roja,Bebidas,Refrescos,CUP,780,780,precio-visible,candidate-not-published,not-generated,not-published,IMG_20261009_170152.jpg,Volumen pendiente
sunny-peach,Néctar Sunny Peach,Lata; durazno,Bebidas,Jugos y néctares,CUP,,,falta-precio,candidate-not-published,not-generated,not-published,IMG_20261009_170157.jpg,No heredar precio de tamarindo
members-lemonpepper,Condimento Member's Mark Lemon Pepper,Frasco grande,Alimentos,Condimentos,CUP,14000,14000,precio-visible,candidate-not-published,not-generated,not-published,IMG_20261009_170211.jpg,Peso pendiente
mccormick-montrealsteak,McCormick Grill Mates Montreal Steak,Frasco grande,Alimentos,Condimentos,CUP,14000,14000,precio-visible,candidate-not-published,not-generated,not-published,IMG_20261009_170211.jpg,Peso pendiente
mccormick-montrealchicken,McCormick Grill Mates Montreal Chicken,Frasco grande,Alimentos,Condimentos,CUP,,,falta-precio,candidate-not-published,not-generated,not-published,IMG_20261009_170211.jpg,No heredar precio de Montreal Steak
members-redpepper,Member's Mark Crushed Red Pepper,Frasco grande,Alimentos,Condimentos,CUP,6700,6700,precio-visible,candidate-not-published,not-generated,not-published,IMG_20261009_170211.jpg,Confirmar marca y peso
members-thyme,Member's Mark Whole Thyme Leaves,Frasco grande,Alimentos,Condimentos,CUP,5500,5500,precio-visible,candidate-not-published,not-generated,not-published,IMG_20261009_170211.jpg,Confirmar marca y peso
kitano-basil,Kitano Manjericão em Folha,Albahaca en hojas30g,Alimentos,Condimentos,CUP,4680,4680,precio-visible,candidate-not-published,not-generated,not-published,IMG_20261009_170211.jpg,
amanhecer-whitepepper,Pimienta blanca molida Amanhecer,Frasco,Alimentos,Condimentos,CUP,1450,1450,precio-visible,candidate-not-published,not-generated,not-published,IMG_20261009_170217.jpg,Peso pendiente
amanhecer-turmeric,Azafrán de las Indias molido Amanhecer,Cúrcuma; frasco,Alimentos,Condimentos,CUP,,1450,confirmar-asociacion-precio,candidate-not-published,not-generated,not-published,IMG_20261009_170217.jpg,Cartel compartido; confirmar precio
amanhecer-clove,Clavo Amanhecer,Frasco,Alimentos,Condimentos,CUP,,1450,confirmar-asociacion-precio,candidate-not-published,not-generated,not-published,IMG_20261009_170217.jpg,Cartel compartido; confirmar precio
homebrothers-bbq,Home Brothers KC Style BBQ Rub,Frasco92g,Alimentos,Condimentos,CUP,,,falta-precio,candidate-not-published,not-generated,not-published,IMG_20261009_170217.jpg,No heredar1450
heavenly-garlic,Ajo en polvo Heavenly Spices,Frasco70g,Alimentos,Condimentos,CUP,2100,2100,precio-visible,candidate-not-published,not-generated,not-published,IMG_20261009_170217.jpg,
kingsford-lemon,Kingsford Lemon Pepper,Frasco,Alimentos,Condimentos,CUP,,,falta-precio,candidate-not-published,not-generated,not-published,IMG_20261009_170217.jpg,Precio propio no visible
badia-oregano,Orégano Badia,"Frasco14,2g",Alimentos,Condimentos,CUP,,1450,confirmar-asociacion-precio,candidate-not-published,not-generated,not-published,IMG_20261009_170217.jpg,Cartel entre orégano y salsa; confirmar
amanhecer-parsley,Salsa em Folha Amanhecer,Perejil en hojas; frasco,Alimentos,Condimentos,CUP,,1450,confirmar-asociacion-precio,candidate-not-published,not-generated,not-published,IMG_20261009_170217.jpg,Cartel entre variantes; confirmar
carmencita-marisco,Molinillo Carmencita Marisco,Frasco molinillo,Alimentos,Condimentos,CUP,,3100,confirmar-asociacion-precio,candidate-not-published,not-generated,not-published,IMG_20261009_170217.jpg,Confirmar precio propio
carmencita-bbq,Molinillo Carmencita Barbacoa,Frasco molinillo,Alimentos,Condimentos,CUP,,3100,confirmar-asociacion-precio,candidate-not-published,not-generated,not-published,IMG_20261009_170217.jpg,Confirmar precio propio
carmencita-picante,Molinillo Carmencita Picante,Frasco molinillo,Alimentos,Condimentos,CUP,,3100,confirmar-asociacion-precio,candidate-not-published,not-generated,not-published,IMG_20261009_170217.jpg,Confirmar precio propio
carmencita-pollo,Molinillo Carmencita Pollo,Frasco molinillo,Alimentos,Condimentos,CUP,,3100,confirmar-asociacion-precio,candidate-not-published,not-generated,not-published,IMG_20261009_170217.jpg,Confirmar precio propio
davia-passata,Davia Passata,Botella de vidrio,Conservas,Tomate,CUP,2500,2500,precio-visible,candidate-not-published,not-generated,not-published,IMG_20261009_170221.jpg; IMG_20261009_170234.jpg,Volumen pendiente
tomate-triturado,Tomate triturado en lata,Lata,Conservas,Tomate,CUP,4500,4500,precio-visible,candidate-not-published,not-generated,not-published,IMG_20261009_170222_1.jpg,Marca y peso pendientes
ourhouse-tomato,Pasta de tomate OurHouse,Lata111oz,Conservas,Tomate,CUP,5000,5000,precio-visible,candidate-not-published,not-generated,not-published,IMG_20261009_170225_1.jpg; IMG_20261009_170222_1.jpg,
tagliamonte-pomodoro,Tomates pelados enteros Tagliamonte,Lata400g,Conservas,Tomate,CUP,1650,1650,precio-visible,candidate-not-published,not-generated,not-published,IMG_20261009_170228.jpg,Confirmar peso escurrido240g
prego-traditional,Salsa Prego Traditional,Frasco,Conservas,Salsas para pasta,CUP,6000,6000,precio-visible,candidate-not-published,not-generated,not-published,IMG_20261009_170234.jpg; IMG_20261009_170221.jpg,Peso pendiente
ragu-garlic,Salsa Ragu Roasted Garlic Parmesan,Frasco,Alimentos,Salsas para pasta,CUP,6500,6500,precio-visible,candidate-not-published,not-generated,not-published,IMG_20261009_170232.jpg; IMG_20261009_170234.jpg,Peso pendiente
mantias-parmesan,Queso parmesano Mantia's,Envase con tapa verde,Alimentos,Quesos,CUP,4900,4900,precio-visible,candidate-not-published,not-generated,not-published,IMG_20261009_170232.jpg,Peso pendiente
gv-cheddar-wow,Great Value Cheese Wow! Cheddar,Envase dispensador,Alimentos,Quesos,CUP,,3000,confirmar-asociacion-precio,candidate-not-published,not-generated,not-published,IMG_20261009_170232.jpg,Confirmar precio por variante y peso
gv-american-wow,Great Value Cheese Wow! American,Envase dispensador,Alimentos,Quesos,CUP,,3000,confirmar-asociacion-precio,candidate-not-published,not-generated,not-published,IMG_20261009_170232.jpg,Confirmar precio por variante y peso
gv-extrasharp-wow,Great Value Cheese Wow! Extra Sharp Cheddar,Envase dispensador,Alimentos,Quesos,CUP,,3000,confirmar-asociacion-precio,candidate-not-published,not-generated,not-published,IMG_20261009_170232.jpg,Confirmar precio por variante y peso
offley-white,Vino de Oporto Offley White,Botella,Bebidas,Vinos,CUP,6000,6000,precio-visible,candidate-not-published,not-generated,not-published,IMG_20261009_170954_1.jpg,Volumen pendiente
gatonegro-white,Vino Gato Negro blanco,Botella,Bebidas,Vinos,CUP,4000,4000,precio-visible,candidate-not-published,not-generated,not-published,IMG_20261009_171001_1.jpg,Variedad y volumen pendientes
havana-ritual,Ron Havana Club Ritual Cubano,Botella70cl visible,Bebidas,Ron,CUP,5800,5800,precio-visible,candidate-not-published,not-generated,not-published,IMG_20261009_171010.jpg; IMG_20261009_171013.jpg; IMG_20261009_171400.jpg; IMG_20261009_171356.jpg,
havana-especial,Ron Havana Club Añejo Especial,Botella,Bebidas,Ron,CUP,5900,5900,precio-visible,candidate-not-published,not-generated,not-published,IMG_20261009_171010.jpg; IMG_20261009_171013.jpg; IMG_20261009_171405.jpg; IMG_20261009_171356.jpg,Volumen pendiente
suau-15,Brandy Suau15,Reserva15;700mL37%,Bebidas,Brandy,CUP,15000,15000,precio-visible,candidate-not-published,not-generated,not-published,IMG_20261009_171010.jpg,
suau-8,Brandy Suau8,Reserva8;700mL37%,Bebidas,Brandy,CUP,8000,8000,precio-visible,candidate-not-published,not-generated,not-published,IMG_20261009_171010.jpg,
havana-reserva,Ron Havana Club Añejo Reserva,Botella,Bebidas,Ron,CUP,8500,8500,precio-visible,candidate-not-published,not-generated,not-published,IMG_20261009_171016.jpg; IMG_20261009_171405.jpg; IMG_20261009_171356.jpg,Volumen pendiente
planta-santa,Mezcal Planta Santa Reposado,700mL38%,Bebidas,Mezcal,CUP,13000,13000,precio-visible,candidate-not-published,not-generated,not-published,IMG_20261009_171027.jpg; IMG_20261009_171321.jpg,
gordons,Ginebra Gordon's London Dry,Botella,Bebidas,Ginebra,CUP,9000,9000,precio-visible,candidate-not-published,not-generated,not-published,IMG_20261009_171027.jpg,Volumen pendiente
jodhpur-reserve,Ginebra Jodhpur Reserve,Botella oscura,Bebidas,Ginebra,CUP,9000,9000,precio-visible,candidate-not-published,not-generated,not-published,IMG_20261009_171027.jpg,Volumen pendiente
jodhpur-mandore,Ginebra Jodhpur Mandore,Botella naranja,Bebidas,Ginebra,CUP,9000,9000,precio-visible,candidate-not-published,not-generated,not-published,IMG_20261009_171027.jpg; IMG_20261009_171341.jpg,Volumen pendiente
jodhpur-spicy,Ginebra Jodhpur Spicy,Botella rosa,Bebidas,Ginebra,CUP,9000,9000,precio-visible,candidate-not-published,not-generated,not-published,IMG_20261009_171027.jpg,Volumen pendiente
santacarolina-rose,Vino Santa Carolina Reservado Rosé,Botella;2024 visible,Bebidas,Vinos,CUP,5000,5000,precio-visible,candidate-not-published,not-generated,not-published,IMG_20261009_171031.jpg; IMG_20261009_171034.jpg; IMG_20261009_171036.jpg; IMG_20261009_171435.jpg,No extrapolar añada a otras botellas
santacarolina-sauvignon,Vino Santa Carolina Reservado Sauvignon Blanc,Botella,Bebidas,Vinos,CUP,5000,5000,precio-visible,candidate-not-published,not-generated,not-published,IMG_20261009_171031.jpg; IMG_20261009_171034.jpg; IMG_20261009_171435.jpg,Volumen pendiente
celeste-verdejo,Vino Celeste Verdejo,Pago del Cielo; botella,Bebidas,Vinos,CUP,3500,3500,precio-visible,candidate-not-published,not-generated,not-published,IMG_20261009_171031.jpg; IMG_20261009_171034.jpg; IMG_20261009_171435.jpg,
vinasol,Vino Viña Sol Original,Torres; botella,Bebidas,Vinos,CUP,3500,3500,precio-visible,candidate-not-published,not-generated,not-published,IMG_20261009_171031.jpg; IMG_20261009_171432.jpg,
vina-esmeralda,Vino Viña Esmeralda,Botella,Bebidas,Vinos,CUP,4000,4000,precio-visible,candidate-not-published,not-generated,not-published,IMG_20261009_171031.jpg,Volumen pendiente
sangretoro-red,Vino Sangre de Toro tinto,Botella,Bebidas,Vinos,CUP,5000,5000,precio-visible,candidate-not-published,not-generated,not-published,IMG_20261009_171034.jpg; IMG_20261009_171036.jpg; IMG_20261009_171427.jpg; IMG_20261009_171432.jpg,Volumen pendiente
sangretoro-white,Vino Sangre de Toro blanco,Botella,Bebidas,Vinos,CUP,5000,5000,precio-visible,candidate-not-published,not-generated,not-published,IMG_20261009_171034.jpg; IMG_20261009_171036.jpg; IMG_20261009_171432.jpg,Volumen pendiente
sangretoro-rose,Vino Sangre de Toro rosado,Botella,Bebidas,Vinos,CUP,5000,5000,precio-visible,candidate-not-published,not-generated,not-published,IMG_20261009_171036.jpg; IMG_20261009_171427.jpg,Volumen pendiente
nestia-plantain,Chips de plátano Nestia Sea Salt,Frasco grande,Alimentos,Snacks,CUP,9100,9100,precio-visible,candidate-not-published,not-generated,not-published,IMG_20261009_171154_1.jpg,Confirmar marca y peso
wapa-chorizo,Chorizo parrillero Wapa,Paquete500g,Alimentos,Embutidos,CUP,5300,5300,precio-visible,candidate-not-published,not-generated,not-published,IMG_20261009_171202_1.jpg; IMG_20261009_171215.jpg; IMG_20261009_171605_1.jpg,
wapa-butifarra,Butifarra Wapa,Paquete500g,Alimentos,Embutidos,CUP,5540,5540,precio-visible,candidate-not-published,not-generated,not-published,IMG_20261009_171202_1.jpg; IMG_20261009_171605_1.jpg,Revisar lectura5540 contra original antes de publicar
morcilla,Morcilla congelada,Porciones al vacío,Alimentos,Embutidos,CUP,,,falta-precio,candidate-not-published,not-generated,not-published,IMG_20261009_171207.jpg; IMG_20261009_171212.jpg,Marca peso y precio pendientes
bratwurst-cerdo,Bratwurst de cerdo congelado,Porciones al vacío,Alimentos,Embutidos,CUP,,,falta-precio,candidate-not-published,not-generated,not-published,IMG_20261009_171207.jpg; IMG_20261009_171212.jpg,Marca peso y precio pendientes
bolitas-queso,Bolitas de queso La Tabernita,Bandeja,Alimentos,Congelados,CUP,4420,4420,precio-visible,candidate-not-published,not-generated,not-published,IMG_20261009_171218_1.jpg; IMG_20261009_171225.jpg; IMG_20261009_171202_1.jpg,Peso pendiente
raviolis,Raviolis congelados,Bandeja,Alimentos,Congelados,CUP,4080,4080,precio-visible,candidate-not-published,not-generated,not-published,IMG_20261009_171218_1.jpg; IMG_20261009_171225.jpg,Marca y peso pendientes
hamburguesas-cerdo,Hamburguesas de cerdo,Bandeja,Alimentos,Congelados,CUP,3568,3568,precio-visible,candidate-not-published,not-generated,not-published,IMG_20261009_171221.jpg; IMG_20261009_171228.jpg,Marca exacta y peso pendientes
albondigas-cerdo,Albóndigas de cerdo,Bandeja,Alimentos,Congelados,CUP,4960,4960,precio-visible,candidate-not-published,not-generated,not-published,IMG_20261009_171221.jpg; IMG_20261009_171228.jpg,Marca exacta y peso pendientes
bravo-mortadela,Mortadela Bravo Criolla,Tubo800g,Alimentos,Embutidos,CUP,5060,5060,precio-visible,candidate-not-published,not-generated,not-published,IMG_20261009_171247.jpg; IMG_20261009_171605_1.jpg,Corrige tamaño preliminar; etiqueta800g
bravo-jamon-york,Jamón Bravo York,Tubo800g,Alimentos,Embutidos,CUP,7015,7015,precio-visible,candidate-not-published,not-generated,not-published,IMG_20261009_171605_1.jpg,
bravo-jamon-barra,Jamón Bravo Barra,Pieza entera,Alimentos,Embutidos,CUP,16370,16370,precio-visible,candidate-not-published,not-generated,not-published,IMG_20261009_171251_1.jpg; IMG_20261009_171614_1.jpg; IMG_20261009_171608_1.jpg,Peso y unidad de venta pendientes
bravo-jamon-cocido,Jamón cocido Bravo,Pieza entera,Alimentos,Embutidos,CUP,17200,17200,precio-visible,candidate-not-published,not-generated,not-published,IMG_20261009_171251_1.jpg; IMG_20261009_171612.jpg; IMG_20261009_171616_1.jpg,Peso y unidad de venta pendientes
queso-iberico,Queso ibérico porcionado,Bolsas al vacío,Alimentos,Quesos,CUP,,3400,requiere-aclaracion,candidate-not-published,not-generated,not-published,IMG_20261009_171258.jpg; IMG_20261009_171304.jpg,Peso y unidad de venta pendientes; no asumir por kg
bravo-pasta-boca,Pasta de bocadito Bravo tradicional,Tubo,Alimentos,Embutidos,CUP,1720,1720,precio-visible,candidate-not-published,not-generated,not-published,IMG_20261009_171304.jpg; IMG_20261009_171605_1.jpg; IMG_20261009_171616_1.jpg,Peso pendiente; etiqueta confirma pasta de bocadito
renypicot-mantequilla,Mantequilla Reny Picot Tradicional,Tarrina,Alimentos,Lácteos,CUP,2880,2880,precio-visible,candidate-not-published,not-generated,not-published,IMG_20261009_171306.jpg,Peso pendiente
president-camembert,Queso Président Petit Camembert,Caja125g,Alimentos,Quesos,CUP,4560,4560,precio-visible,candidate-not-published,not-generated,not-published,IMG_20261009_171308_1.jpg,
president-brie,Queso Président Petit Brie,Caja125g,Alimentos,Quesos,CUP,,,falta-precio,candidate-not-published,not-generated,not-published,IMG_20261009_171308_1.jpg,Cartel parcialmente tapado
pacto-navio,Ron Pacto Navio,Botella,Bebidas,Ron,CUP,20000,20000,precio-visible,candidate-not-published,not-generated,not-published,IMG_20261009_171321.jpg,Volumen pendiente
carafiestas,Mezcal CaraFiestas blanco,Botella,Bebidas,Mezcal,CUP,8000,8000,precio-visible,candidate-not-published,not-generated,not-published,IMG_20261009_171323_1.jpg; IMG_20261009_171321.jpg,Volumen pendiente
altos-reposado,Tequila Altos Reposado,Botella,Bebidas,Tequila,CUP,13140,13140,precio-visible,candidate-not-published,not-generated,not-published,IMG_20261009_171327.jpg; IMG_20261009_171323_1.jpg,Volumen pendiente
olmeca-reposado,Tequila Olmeca Reposado,Botella,Bebidas,Tequila,CUP,14180,14180,precio-visible,candidate-not-published,not-generated,not-published,IMG_20261009_171327.jpg,Volumen pendiente
jw-doubleblack,Whisky Johnnie Walker Double Black,Botella750mL,Bebidas,Whisky,CUP,34520,34520,precio-visible,candidate-not-published,not-generated,not-published,IMG_20261009_171328_1.jpg,
glenlivet-founders,Whisky The Glenlivet Founder's Reserve,American Oak Selection; estuche y botella,Bebidas,Whisky,CUP,20850,20850,precio-visible,candidate-not-published,not-generated,not-published,IMG_20261009_171328_1.jpg,Volumen pendiente
jw-redlabel,Whisky Johnnie Walker Red Label,Botella,Bebidas,Whisky,CUP,16000,16000,precio-visible,candidate-not-published,not-generated,not-published,IMG_20261009_171331_1.jpg; IMG_20261009_171328_1.jpg,Volumen pendiente
jw-bluelabel,Whisky Johnnie Walker Blue Label,Estuche y botella,Bebidas,Whisky,CUP,280000,280000,precio-visible,candidate-not-published,not-generated,not-published,IMG_20261009_171331_1.jpg,Volumen pendiente
jameson,Whiskey Jameson,Botella,Bebidas,Whisky,CUP,15900,15900,precio-visible,candidate-not-published,not-generated,not-published,IMG_20261009_171335.jpg; IMG_20261009_171331_1.jpg,Volumen pendiente
ballantines,Whisky Ballantine's Finest,Botella,Bebidas,Whisky,CUP,5270,5270,precio-visible,candidate-not-published,not-generated,not-published,IMG_20261009_171335.jpg; IMG_20261009_171331_1.jpg,Volumen pendiente
armageddon,Vodka Armageddon,Botella azul,Bebidas,Vodka,CUP,7600,7600,precio-visible,candidate-not-published,not-generated,not-published,IMG_20261009_171339.jpg,Volumen pendiente
absolut,Vodka Absolut,Botella,Bebidas,Vodka,CUP,16020,16020,precio-visible,candidate-not-published,not-generated,not-published,IMG_20261009_171339.jpg,Volumen pendiente
ciroc,Vodka Cîroc,Botella,Bebidas,Vodka,CUP,24600,24600,precio-visible,candidate-not-published,not-generated,not-published,IMG_20261009_171339.jpg,Volumen pendiente
jodhpur-londondry,Ginebra Jodhpur London Dry,Botella oscura,Bebidas,Ginebra,CUP,9000,9000,precio-visible,candidate-not-published,not-generated,not-published,IMG_20261009_171341.jpg,Distinta de Jodhpur Reserve; volumen pendiente
beefeater,Ginebra Beefeater London Dry,Botella,Bebidas,Ginebra,CUP,7400,7400,precio-visible,candidate-not-published,not-generated,not-published,IMG_20261009_171341.jpg,Volumen pendiente
tanqueray,Ginebra Tanqueray London Dry,Botella,Bebidas,Ginebra,CUP,9900,9900,precio-visible,candidate-not-published,not-generated,not-published,IMG_20261009_171345.jpg,Volumen pendiente
santiago-11,Ron Santiago de Cuba11años,Botella,Bebidas,Ron,CUP,19400,19400,precio-visible,candidate-not-published,not-generated,not-published,IMG_20261009_171345.jpg,Volumen pendiente
santiago-12,Ron Santiago de Cuba12años,Botella,Bebidas,Ron,CUP,22500,22500,precio-visible,candidate-not-published,not-generated,not-published,IMG_20261009_171345.jpg,Volumen pendiente
santiago-8,Ron Santiago de Cuba8años,Botella,Bebidas,Ron,CUP,10400,10400,precio-visible,candidate-not-published,not-generated,not-published,IMG_20261009_171348.jpg,Volumen pendiente
santiago-blanca,Ron Santiago de Cuba Carta Blanca,Botella,Bebidas,Ron,CUP,6200,6200,precio-visible,candidate-not-published,not-generated,not-published,IMG_20261009_171348.jpg; IMG_20261009_171351.jpg,Volumen pendiente
santiago-anejo,Ron Santiago de Cuba Añejo,Botella,Bebidas,Ron,CUP,10600,10600,precio-visible,candidate-not-published,not-generated,not-published,IMG_20261009_171351.jpg,Volumen pendiente
santiago-oscura,Ron Santiago de Cuba Carta Oscura,Botella,Bebidas,Ron,CUP,9200,9200,precio-visible,candidate-not-published,not-generated,not-published,IMG_20261009_171351.jpg,Volumen pendiente
havana-profundo,Ron Havana Club Profundo,Botella,Bebidas,Ron,CUP,5600,5600,precio-visible,candidate-not-published,not-generated,not-published,IMG_20261009_171405.jpg; IMG_20261009_171408.jpg,Volumen pendiente
havana-maestros,Ron Havana Club Selección de Maestros,Botella,Bebidas,Ron,CUP,10200,10200,precio-visible,candidate-not-published,not-generated,not-published,IMG_20261009_171408.jpg; IMG_20261009_171405.jpg,Volumen pendiente
havana-spiced,Ron Havana Club Cuban Spiced,Botella,Bebidas,Ron,CUP,8670,8670,precio-visible,candidate-not-published,not-generated,not-published,IMG_20261009_171408.jpg,Volumen pendiente
havana-7,Ron Havana Club7años,Dos tamaños visibles,Bebidas,Ron,CUP,,10200; 11900,requiere-aclaracion,candidate-not-published,not-generated,not-published,IMG_20261009_171408.jpg,Leer volúmenes y asociar precio; una fila provisional de familia no dosSKU confirmados
molinari,Licor Molinari Extra,Botella,Bebidas,Licores,CUP,11500,11500,precio-visible,candidate-not-published,not-generated,not-published,IMG_20261009_171438.jpg; IMG_20261009_171417.jpg,Volumen pendiente
legendario,Legendario Elixir7años,Botella,Bebidas,Licores,CUP,5700,5700,precio-visible,candidate-not-published,not-generated,not-published,IMG_20261009_171417.jpg,Confirmar cartel y volumen
havana-3,Ron Havana Club3años Original,Botella,Bebidas,Ron,CUP,7140,7140,precio-visible,candidate-not-published,not-generated,not-published,IMG_20261009_171420.jpg,Volumen pendiente
jagermeister-1l,Licor Jägermeister,Botella1L;35%,Bebidas,Licores,CUP,10900,10900,precio-visible,candidate-not-published,not-generated,not-published,IMG_20261009_171423.jpg,
sangretoro-special,Vino Sangre de Toro Special Selection,Botella,Bebidas,Vinos,CUP,9000,9000,precio-visible,candidate-not-published,not-generated,not-published,IMG_20261009_171427.jpg,Volumen pendiente
res-molida,Carne de res molida,Bandejas de peso variable,Alimentos,Carnes,CUP,,,venta-peso-variable,candidate-not-published,not-generated,not-published,IMG_20261009_171446.jpg; IMG_20261009_171457.jpg; IMG_20261009_171500.jpg,"0,40kg3010CUP y0,31kg2330CUP; guardar precios por bandeja no fijar precioSKU ni inferir tarifa porkg"
bacon-slices,Bacon rebanado,Bolsas al vacío de peso variable,Alimentos,Carnes,CUP,,,venta-peso-variable,candidate-not-published,not-generated,not-published,IMG_20261009_171447_1.jpg; IMG_20261009_171506.jpg; IMG_20261009_171512.jpg; IMG_20261009_171517.jpg; IMG_20261009_171521.jpg; IMG_20261009_171529.jpg,"Precios individuales observados:0,25kg4840;0,26kg5030;0,19kg3680;0,24kg4650;0,22kg4260. No fijar precio SKU ni inferir tarifa por kg"
roncari-blue,Queso Roncari Blue TGT,Queso azul de oveja100g,Alimentos,Quesos,CUP,2980,2980,precio-visible,candidate-not-published,not-generated,not-published,IMG_20261009_171545_1.jpg; IMG_20261009_171556_1.jpg,
valle-curado,Queso Valle de San Juan Curado,Rueda y porciones,Alimentos,Quesos,CUP,,,venta-peso-variable,candidate-not-published,not-generated,not-published,IMG_20261009_171545_1.jpg; IMG_20261009_171556_1.jpg,Precio por presentación pendiente; no heredar de queso azul
ribera-semicurado,Queso Ribera Semicurado,Rueda y porciones,Alimentos,Quesos,CUP,,,venta-peso-variable,candidate-not-published,not-generated,not-published,IMG_20261009_171545_1.jpg; IMG_20261009_171556_1.jpg,Marca lectura Ribera; precio/peso propios pendientes
valle-trufa,Queso Valle de San Juan Con Trufa,Rueda y porciones,Alimentos,Quesos,CUP,,,venta-peso-variable,candidate-not-published,not-generated,not-published,IMG_20261009_171549.jpg; IMG_20261009_171556_1.jpg,Vincular cada porción con marca y peso antes de precio
queso-azul-porcion,Queso azul porcionado,Bandejas al vacío,Alimentos,Quesos,CUP,,,venta-peso-variable,candidate-not-published,not-generated,not-published,IMG_20261009_171545_1.jpg; IMG_20261009_171549.jpg,"Marca no confirmada;0,24kg4620 y0,35kg6740 visibles; no asumir Roncari100g"
queso-vacio-generico,Queso porcionado al vacío sin marca legible,Bolsas,Alimentos,Quesos,CUP,,,venta-peso-variable,candidate-not-published,not-generated,not-published,IMG_20261009_171552.jpg; IMG_20261009_171549.jpg,3740 visible en varias; confirmar peso y marca; no precio porkg
hollandmar-mozzarella,Mozzarella HollandMar,Bloque verde grande,Alimentos,Quesos,CUP,,,falta-precio,candidate-not-published,not-generated,not-published,IMG_20261009_171601_1.jpg; IMG_20261009_171605_1.jpg,Precio peso y lectura de marca pendientes
cello-variety,Quesos Cello Variety Pack,908g;Aged Cheddar Jarlsberg Creamy Havarti Dutch Gouda,Alimentos,Quesos,CUP,17000,17000,precio-visible,candidate-not-published,not-generated,not-published,IMG_20261009_171605_1.jpg; IMG_20261009_171601_1.jpg; IMG_20261009_171608_1.jpg,
pate-bandeja,Paté en bandeja,Bandeja,Alimentos,Embutidos,CUP,2980,2980,precio-visible,candidate-not-published,not-generated,not-published,IMG_20261009_171605_1.jpg,Marca composición y peso pendientes
fiambre-lonchas,Fiambre en lonchas sin marca legible,Porciones al vacío,Alimentos,Embutidos,CUP,,,venta-peso-variable,candidate-not-published,not-generated,not-published,IMG_20261009_171605_1.jpg; IMG_20261009_171608_1.jpg,Identidad pendiente; no confundir con resmolida/bacon
bravo-salami,Salami Bravo,Pieza entera,Alimentos,Embutidos,CUP,,,falta-precio,candidate-not-published,not-generated,not-published,IMG_20261009_171612.jpg; IMG_20261009_171614_1.jpg,Peso y precio propios pendientes
bravo-bacon-bloque,Bacon Bravo en bloque,Bloque al vacío,Alimentos,Carnes,CUP,,,falta-precio,candidate-not-published,not-generated,not-published,IMG_20261009_171612.jpg; IMG_20261009_171614_1.jpg,Peso y precio propios pendientes
eltoro-mortadela,Mortadela de pollo El Toro,Pieza entera,Alimentos,Embutidos,CUP,,,falta-precio,candidate-not-published,not-generated,not-published,IMG_20261009_171616_1.jpg; IMG_20261009_171608_1.jpg,Precio y peso fueraencuadre
roinat-puppy,Alimento Roinat Puppy Dogs,Bolsa8kg;2–12meses,Mascotas,Perros,CUP,30940,30940,precio-visible,candidate-not-published,not-generated,not-published,IMG_20261009_171627.jpg,Lectura ampliada30940
jagermeister-700,Licor Jägermeister700mL,Botella70cl;35%,Bebidas,Licores,CUP,10900,10900,precio-visible,candidate-not-published,not-generated,not-published,IMG_20261009_171423.jpg,
frico-gouda,Queso Frico Gouda Mild,Cuñas en envoltorio,Alimentos,Quesos,CUP,,,falta-precio,candidate-not-published,not-generated,not-published,IMG_20261009_171304.jpg; IMG_20261009_171306.jpg,Peso y precio propios pendientes
