producto,precio_CUP,estado,foto,motivo
Pesto Barilla alla Genovese,2500,ready-to-publish,IMG_20261009_165913.jpg,
Trader Joe’s Olive and Basil Pesto,4200,ready-to-publish,IMG_20261009_165913.jpg,
Trader Joe’s Basil Pesto Sauce,4700,ready-to-publish,IMG_20261009_165916.jpg,
Pepinos grandes La Huerta de al Lado,1700,ready-to-publish,IMG_20261009_165916.jpg,
Cóctel de encurtidos La Huerta de al Lado,1700,ready-to-publish,IMG_20261009_165920.jpg,
Banderillas La Huerta de al Lado,1700,ready-to-publish,IMG_20261009_165920.jpg,
Aceitunas negras sin hueso Vima,13000,ready-to-publish,IMG_20261009_165924.jpg,
Aceitunas verdes aliñadas Vima,12500,ready-to-publish,IMG_20261009_165928.jpg,
Cebollitas Qbanito,1600,ready-to-publish,IMG_20261009_165932.jpg,
Peras Didi en almíbar ligero,700,ready-to-publish,IMG_20261009_165932.jpg,
Frijoles colorados cocidos Tom Food,1750,ready-to-publish,IMG_20261009_165935.jpg,
Maíz dulce Fairhill Farms,1800,ready-to-publish,IMG_20261009_165935.jpg,
Vegetales mixtos Fairhill Farms,1450,ready-to-publish,IMG_20261009_165940.jpg,
Cóctel de frutas Fairhill Farms,2300,ready-to-publish,IMG_20261009_165940.jpg,
Frijoles colorados Del Campo,1600,ready-to-publish,IMG_20261009_165949.jpg,
Frijoles negros Energy,1300,ready-to-publish,IMG_20261009_165953.jpg,
Alimento para perros HappyOne Adulto,18700,ready-to-publish,IMG_20261009_171633.jpg,
Alcaparras La Sota,,needs-review,IMG_20261009_165913.jpg,"Precio cortado en la foto; confirmar precio del frasco. Contenido neto100g, escurrido60g."
Pesto So Natural Basil,4700,needs-review,IMG_20261009_165916.jpg,Etiqueta de precio bajo Trader Joe’s; confirmar precio propio.
Aceitunas verdes rellenas de pimiento Vima,13000,needs-review,IMG_20261009_165924.jpg,Precio compartido cercano a negras; confirmar precio de variante rellena.
Cóctel de frutas Vima,2300,needs-review,IMG_20261009_165940.jpg,Etiqueta bajo Fairhill; confirmar precio propio de Vima425g.
Frijoles negros Del Campo,1600,needs-review,IMG_20261009_165949.jpg,Etiqueta1600 bajo frijoles colorados; confirmar precio de negros1lb.
Garbanzos Del Campo,,needs-review,IMG_20261009_165959.jpg,No hay precio propio visible; bolsa1lb.
Lentejas Del Campo,,needs-review,IMG_20261009_165959.jpg,No hay precio propio visible; bolsa1lb.
Arroz Alfinete,,needs-review,IMG_20261009_165920.jpg,Presentación parcialmente oculta y sin precio legible.
Arroz Torre de la Vega,,needs-review,IMG_20261009_165956.jpg,Bolsa en estante inferior; confirmar presentación y precio propios.
